sample,fusion genes,chrom1,base1,strand1,chrom2,base2,strand2,gap (kb),spanning pairs,spanning reads,inframe,aligns,rearrangement,contig,contig break,classification,known
7316-737.fastq,RNF152:RP11-879F14.2,chr18,61892795,-,chr18,61592623,-,300.177,0,3,FALSE,TRUE,FALSE,5bda0f60-8c2c-42ec-8735-f20db22b52d9,512,HighConfidence,-
7316-737.fastq,RP11-680G10.1:GSE1,chr16,85357643,+,chr16,85648552,+,290.914,0,2,FALSE,TRUE,FALSE,d76dd719-eae7-44b4-8f8c-23b4d06a8993,941,HighConfidence,-
7316-737.fastq,EPB41L4A:NREP,chr5,112168739,-,chr5,111735507,-,433.236,0,2,TRUE,TRUE,FALSE,870c68e0-1557-4246-807a-af0e5462913f,608,HighConfidence,-
7316-737.fastq,RP11-123O10.4:GRIP1,chr12,67069050,-,chr12,66596927,-,472.126,0,2,FALSE,TRUE,FALSE,7297c38d-b12d-419c-9699-7737b93174ed,362,HighConfidence,-
7316-737.fastq,GATSL2:STAG3L5P-PVRIG2P-PILRB,chr7,75019095,+,chr7,100355143,+,25336.051,0,2,FALSE,TRUE,FALSE,4a350b4d-7f00-4d91-93f8-8e2e2f5df8c4,880,HighConfidence,-
7316-737.fastq,FBRSL1:NOC4L,chr12,132560228,+,chr12,132150983,+,409.245,0,2,NA,FALSE,TRUE,2c7bce5f-52eb-48e2-94e9-3a6c940c313c,261,LowConfidence,Yes
7316-737.fastq,FAM219B:COX5A,chr15,74906587,-,chr15,74920442,-,13.853,0,1,TRUE,TRUE,TRUE,b9f70704-0b16-4935-89c9-320a6604c9b1,236,PotentialTransSplicing,-
7316-737.fastq,CHD2:LINC01578,chr15,92901299,+,chr15,92885515,+,15.779,0,1,FALSE,TRUE,TRUE,fa0600ee-80cc-4b84-a607-4b778fd97236,619,PotentialTransSplicing,-
7316-737.fastq,PARVB:SAMM50,chr22,44024451,+,chr22,43996338,+,28.111,0,1,FALSE,TRUE,TRUE,020a9448-b512-4a05-8c85-f4d3c8cf7fc3,139,PotentialTransSplicing,Yes
7316-737.fastq,USP3:HERC1,chr15,63574403,+,chr15,63609266,-,34.865,0,1,FALSE,TRUE,TRUE,ea0be13c-9959-4d9d-9f94-ae5b1961ce96,1228,PotentialTransSplicing,Yes
7316-737.fastq,TMEM181:DYNLT1,chr6,158589782,+,chr6,158637894,-,48.113,0,1,TRUE,TRUE,TRUE,33bdfbc6-3d36-456b-8065-f0c1b1e0d8de,710,PotentialTransSplicing,-
7316-737.fastq,RASL10B:AP2B1,chr17,35731878,+,chr17,35682695,+,49.181,0,1,FALSE,TRUE,TRUE,51efefa6-0e6d-48c2-89b9-8fee6f3a1fe6,217,PotentialTransSplicing,-
7316-737.fastq,RB1:ITM2B,chr13,48307406,+,chr13,48253808,+,53.595,0,1,TRUE,TRUE,TRUE,a751b736-df4f-4d0b-a7af-3b779cb3f249,411,PotentialTransSplicing,Yes
7316-737.fastq,FAM129B:LRSAM1,chr9,127568820,-,chr9,127501010,+,67.813,0,1,TRUE,TRUE,TRUE,96be33eb-2964-4492-84ae-f453861da34b,235,PotentialTransSplicing,-
7316-737.fastq,UBAP2L:TPM3,chr1,154237136,+,chr1,154157721,-,79.414,0,1,TRUE,TRUE,TRUE,c0eb2068-1795-4d22-8386-cdabec8707b3,117,PotentialTransSplicing,-
7316-737.fastq,PSPH:CHCHD2,chr7,56019600,-,chr7,56103011,-,83.407,0,1,FALSE,TRUE,TRUE,bb59dcab-0e36-4012-8400-e0b884bb0a31,1240,PotentialTransSplicing,-
7316-737.fastq,KCTD5:TCEB2,chr16,2682800,+,chr16,2772102,-,89.304,0,1,FALSE,TRUE,TRUE,f8b914b6-4302-4298-b695-c8851bca1f98,265,PotentialTransSplicing,-
7316-737.fastq,CHID1:AP2A2,chr11,893427,-,chr11,1010548,+,117.115,0,1,FALSE,TRUE,TRUE,081e57f7-9561-483d-8a4c-b343da8b937c,889,PotentialTransSplicing,-
7316-737.fastq,MGLL:PODXL2,chr3,127781789,-,chr3,127660378,+,121.413,0,1,TRUE,TRUE,TRUE,849746ed-44c3-4db3-849b-e173dbbd04ec,527,PotentialTransSplicing,-
7316-737.fastq,RP11-98I9.4:FAXC,chr6,99425898,+,chr6,99291820,-,134.075,0,1,FALSE,TRUE,TRUE,013a4505-dd9b-442f-8014-e618cabdf1a2,162,PotentialTransSplicing,-
7316-737.fastq,KAT2B:EFHB,chr3,20072459,+,chr3,19905749,-,166.707,0,1,TRUE,TRUE,TRUE,def5270d-8573-44fe-ab40-7f153acc908d,473,PotentialTransSplicing,-
7316-737.fastq,KIAA2022:ABCB7,chrX,74924883,-,chrX,75114834,-,189.948,0,1,FALSE,TRUE,TRUE,9b36261b-8d89-4ffd-897a-7e28b9099f68,501,PotentialTransSplicing,-
7316-737.fastq,SPAST:MEMO1,chr2,32064246,+,chr2,31869952,-,194.292,0,1,FALSE,TRUE,TRUE,a0987fd5-cf38-411d-817b-1f510a2ba341,752,PotentialTransSplicing,Yes
7316-737.fastq,DNM3:METTL13,chr1,171989148,+,chr1,171794396,+,194.748,0,1,TRUE,TRUE,TRUE,2aae8d9a-50e5-4813-b347-059c6c2b0ea5,705,PotentialTransSplicing,-
7316-737.fastq,RSF1:INTS4,chr11,77764598,-,chr11,77961138,-,196.535,0,1,TRUE,TRUE,TRUE,f41e6e05-6c57-442f-8d7e-a6f0e5c2a395,275,PotentialTransSplicing,Yes
7316-737.fastq,BRAP:MAPKAPK5,chr12,111683146,-,chr12,111883581,+,200.433,0,1,FALSE,TRUE,TRUE,d5dba244-700b-4494-9919-855badfc8dda,389,PotentialTransSplicing,-
7316-737.fastq,RP11-418J17.1:RP5-834N19.1,chr1,119150746,+,chr1,119354417,+,203.672,0,1,FALSE,TRUE,FALSE,d3494fa0-8501-4bd5-91ba-6be66567f939,662,PotentialTransSplicing,-
7316-737.fastq,STX18-AS1:MSX1,chr4,4649542,+,chr4,4862701,+,213.16,0,1,FALSE,TRUE,FALSE,38091bbe-f307-4dc8-b4e0-6cec7c7d720c,1043,PotentialTransSplicing,-
7316-737.fastq,TRAIP:RBM6,chr3,49848143,-,chr3,50077008,+,228.863,0,1,TRUE,TRUE,TRUE,f35fc801-95bd-4e64-8535-177206726d42,243,PotentialTransSplicing,-
7316-737.fastq,TRAK2:ALS2,chr2,201451350,-,chr2,201711108,-,259.757,0,1,FALSE,TRUE,TRUE,73f2f229-1121-454c-8f6d-94385c4c42f8,98,PotentialTransSplicing,-
7316-737.fastq,RP11-96H19.1:RP11-446N19.1,chr12,46387972,+,chr12,46652390,+,264.428,0,1,FALSE,TRUE,FALSE,4204e890-4b7d-41f9-9d94-91707876bf7f,253,PotentialTransSplicing,-
7316-737.fastq,MAP4K3:TMEM178A,chr2,39436892,-,chr2,39704081,+,267.186,0,1,FALSE,TRUE,TRUE,4a6f49a1-2187-4778-b6a9-d2c3e8c383e2,630,PotentialTransSplicing,Yes
7316-737.fastq,SOCS2:CRADD,chr12,93575173,+,chr12,93849970,+,274.803,0,1,FALSE,TRUE,FALSE,703ea995-690e-4bae-b98a-808661ad362c,1203,PotentialTransSplicing,-
7316-737.fastq,RP11-680G10.1:GSE1,chr16,85357643,+,chr16,85633914,+,276.274,0,1,FALSE,TRUE,FALSE,fd38322d-7779-4c31-a771-c1bd24ac9761,640,PotentialTransSplicing,-
7316-737.fastq,RP11-16B13.1:RTN1,chr14,60030296,-,chr14,59746481,-,283.817,0,1,FALSE,TRUE,FALSE,5a64af9b-25f7-4d27-a198-c62d577565cf,127,PotentialTransSplicing,-
7316-737.fastq,KCND3:FAM212B,chr1,111981621,-,chr1,111686683,-,294.94,0,1,FALSE,TRUE,FALSE,5055f689-6873-4500-8a03-c3d41630678a,796,PotentialTransSplicing,-
7316-737.fastq,NOVA1-AS1:RP11-384J4.2,chr14,26637333,+,chr14,26933497,+,296.169,0,1,FALSE,TRUE,FALSE,a4ba5f2e-2b4f-4eb4-adbe-f260d065596f,326,PotentialTransSplicing,-
7316-737.fastq,SLC25A36:PXYLP1,chr3,140942095,+,chr3,141260123,+,318.03,0,1,FALSE,TRUE,FALSE,3ac8dc00-0b55-48ab-b4b7-f89b02f0c952,113,PotentialTransSplicing,-
7316-737.fastq,MMP17:NOC4L,chr12,131828653,+,chr12,132150981,+,322.331,0,1,FALSE,TRUE,FALSE,5fd05fe1-c33b-419c-954e-47b3ff73955f,259,PotentialTransSplicing,-
7316-737.fastq,MPHOSPH9:TMED2,chr12,123218376,-,chr12,123596605,+,378.229,0,1,FALSE,TRUE,TRUE,1de7c8a7-51c5-419c-9a74-00c40500e605,1046,PotentialTransSplicing,-
7316-737.fastq,ASAP2:YWHAQ,chr2,9207230,+,chr2,9591515,-,384.286,0,1,TRUE,TRUE,TRUE,5934746c-b11f-40d7-8a76-5afcbd5235cc,278,PotentialTransSplicing,-
7316-737.fastq,POLR2J4:STK17A,chr7,44013593,-,chr7,43608256,+,405.337,0,1,FALSE,TRUE,TRUE,373f6745-1413-440a-8c41-9ce9f7a85011,655,PotentialTransSplicing,-
7316-737.fastq,RRAS2:RP11-231N3.1,chr11,14358763,-,chr11,13921961,-,436.805,0,1,FALSE,TRUE,FALSE,bf8c470a-7d0f-4f8c-8d4b-47ea05dde2f5,400,PotentialTransSplicing,-
7316-737.fastq,BAI3:LMBRD1,chr6,69239226,+,chr6,69676541,-,437.319,0,1,FALSE,TRUE,TRUE,5949fa4a-ea9e-452d-93db-6429ece2e002,559,PotentialTransSplicing,-
7316-737.fastq,RP11-661P17.1:SLCO3A1,chr15,91473316,+,chr15,91915993,+,442.679,0,1,FALSE,TRUE,FALSE,79937ee5-37fa-45ab-9a9b-a5d906898332,218,PotentialTransSplicing,-
7316-737.fastq,RP11-35N6.1:MSANTD3-TMEFF1,chr9,101029102,+,chr9,100561397,+,467.702,0,1,FALSE,TRUE,TRUE,ec35cb61-c177-4139-82d4-48ebb6f6c7a1,271,PotentialTransSplicing,-
7316-737.fastq,ACACA:RP11-445F12.1,chr17,37406262,-,chr17,36907539,-,498.729,0,1,FALSE,TRUE,FALSE,cc2b9c7e-3178-4f98-a738-2bbe0c099557,551,PotentialTransSplicing,-
7316-737.fastq,PGAP1:SF3B1,chr2,196916418,-,chr2,197423974,-,507.552,0,1,FALSE,TRUE,TRUE,d247e703-5ae8-4db1-b989-419945303c76,582,PotentialTransSplicing,-
7316-737.fastq,RP11-402C9.1:TENM3,chr4,182144971,+,chr4,182673005,+,528.036,0,1,FALSE,TRUE,FALSE,b0c1df95-cf6f-4f5c-855c-20683877e494,113,PotentialTransSplicing,-
7316-737.fastq,REL:XPO1,chr2,60918606,+,chr2,61481281,-,562.676,0,1,FALSE,TRUE,TRUE,04163368-ca98-4ac1-825b-f5234e230b4e,1200,PotentialTransSplicing,-
7316-737.fastq,ZKSCAN1:ATP5J2-PTCD1,chr7,100024307,+,chr7,99460193,-,564.111,0,1,TRUE,TRUE,TRUE,f60bd590-2378-446a-a958-536d460d14cc,780,PotentialTransSplicing,-
7316-737.fastq,MEIS3:AP2S1,chr19,47416652,-,chr19,46839578,-,577.077,0,1,TRUE,TRUE,FALSE,ac966ad7-832a-44c5-bf49-6b3ec5da4132,818,PotentialTransSplicing,-
7316-737.fastq,CYYR1:APP,chr21,26566266,-,chr21,25982477,-,583.791,0,1,FALSE,TRUE,FALSE,36f43f59-16e2-48e6-99a9-899efc013e06,189,PotentialTransSplicing,-
7316-737.fastq,TNKS:MSRA,chr8,9615677,+,chr8,10207833,+,592.158,0,1,TRUE,TRUE,FALSE,6f0c33fb-0b35-452d-aba4-172b21a1423a,183,PotentialTransSplicing,Yes
7316-737.fastq,VTA1:HIVEP2,chr6,142169677,+,chr6,142764974,-,595.298,0,1,TRUE,TRUE,TRUE,d2b4c55e-42bc-4074-98ba-c2a323eb8fa7,347,PotentialTransSplicing,-
7316-737.fastq,ARL15:NDUFS4,chr5,54310432,-,chr5,53646233,+,664.201,0,1,TRUE,TRUE,TRUE,fc0df81c-75a0-44eb-9521-81c6c70e90d4,98,PotentialTransSplicing,-
7316-737.fastq,SLAIN1:CLN5,chr13,77746855,+,chr13,77000458,+,746.394,0,1,TRUE,TRUE,TRUE,7ad63be2-e33b-4f5b-957c-a6a598aefd41,1593,PotentialTransSplicing,-
7316-737.fastq,ANKRD12:VAPA,chr18,9136965,+,chr18,9931810,+,794.848,0,1,FALSE,TRUE,FALSE,206976cf-19f1-4a6f-903a-4509eefa239d,134,PotentialTransSplicing,-
7316-737.fastq,NTRK2:AGTPBP1,chr9,84727959,+,chr9,85547286,-,819.329,0,1,FALSE,TRUE,TRUE,d2f14a8e-d6e9-46bf-8030-247a0c8abd8a,2104,PotentialTransSplicing,-
7316-737.fastq,SCARB2:CCNI,chr4,76213427,-,chr4,77066405,-,852.971,0,1,TRUE,TRUE,TRUE,19713bf2-a9eb-4607-b2da-3b5deb53499b,136,PotentialTransSplicing,Yes
7316-737.fastq,ODC1:YWHAQ,chr2,10448121,-,chr2,9585345,-,862.777,0,1,FALSE,TRUE,FALSE,2a5bb239-daf9-4627-8bb0-89d13a3204c1,195,PotentialTransSplicing,-
7316-737.fastq,SCN8A:ATF1,chr12,51687219,+,chr12,50780140,+,907.078,0,1,FALSE,TRUE,TRUE,f768f625-8570-4134-ab47-748d2dccae43,576,PotentialTransSplicing,Yes
7316-737.fastq,RGS12:ZBTB49,chr4,3386437,+,chr4,4313041,+,926.606,0,1,TRUE,TRUE,FALSE,752973e9-99b3-4464-96db-98c33b2f8a73,830,PotentialTransSplicing,-
7316-737.fastq,RP11-13J10.1:NCK2,chr2,104853569,+,chr2,105816430,+,962.865,0,1,FALSE,TRUE,FALSE,46d10eed-03e3-42dd-a173-d46c8cc96e07,284,PotentialTransSplicing,-
7316-737.fastq,BRINP1:CDK5RAP2,chr9,119369056,-,chr9,120448126,-,1079.065,0,1,FALSE,TRUE,TRUE,139a2fd8-d665-4772-8482-07489cb7c196,372,PotentialTransSplicing,-
7316-737.fastq,CPNE1:DYNLRB1,chr20,35664760,-,chr20,34526268,+,1138.493,0,1,FALSE,TRUE,TRUE,fd8ff652-5134-4a82-ab2a-754a4daec81b,132,PotentialTransSplicing,-
7316-737.fastq,GLMN:FNBP1L,chr1,92297961,-,chr1,93544107,+,1246.14,0,1,TRUE,TRUE,TRUE,60633226-15fd-443b-aa29-32e5c408ea81,105,PotentialTransSplicing,-
7316-737.fastq,SNF8:NPEPPS,chr17,48940924,-,chr17,47621768,+,1319.157,0,1,FALSE,TRUE,TRUE,16224cf1-397d-42dc-ba72-b9d90ce3b136,314,PotentialTransSplicing,-
7316-737.fastq,PPFIA2:TMTC2,chr12,81597952,-,chr12,82930431,+,1332.478,0,1,FALSE,TRUE,TRUE,382f9fc1-a925-404b-8a50-b1dbab5b4c93,129,PotentialTransSplicing,Yes
7316-737.fastq,PDE1A:UBE2E3,chr2,182522276,-,chr2,181057693,+,1464.584,0,1,TRUE,TRUE,TRUE,4f656def-82ce-428e-a021-f5ae92f2cf07,293,PotentialTransSplicing,-
7316-737.fastq,C18orf32:ELAC1,chr18,49487043,-,chr18,50974397,+,1487.35,0,1,FALSE,TRUE,TRUE,208ba782-9ba9-4910-aa0e-3db5dff5fd39,147,PotentialTransSplicing,-
7316-737.fastq,PRRC2C:KIFAP3,chr1,171485735,+,chr1,169992255,-,1493.479,0,1,FALSE,TRUE,TRUE,376ec14b-3c18-4cd4-a404-9d10d0ba7a7e,174,PotentialTransSplicing,-
7316-737.fastq,RP11-384F7.2:LSAMP,chr3,117997182,-,chr3,116444955,-,1552.23,0,1,FALSE,TRUE,FALSE,af943552-8850-45b7-8fde-77a0fcffbd50,686,PotentialTransSplicing,-
7316-737.fastq,MTMR7:TUSC3,chr8,17341363,-,chr8,15730666,+,1610.698,0,1,TRUE,TRUE,TRUE,28d9893e-9d9e-41e7-b4b1-8e27fe1f0c28,758,PotentialTransSplicing,-
7316-737.fastq,MGAT4C:SLC6A15,chr12,86727209,-,chr12,84892308,-,1834.91,0,1,FALSE,TRUE,FALSE,b2980682-c9c9-4ce1-b70e-d962c5598e89,111,PotentialTransSplicing,-
7316-737.fastq,CCND2:CD9,chr12,4288990,+,chr12,6225426,+,1936.44,0,1,TRUE,TRUE,FALSE,98026751-97e1-4415-bf4e-2da143f86eea,978,PotentialTransSplicing,-
7316-737.fastq,CNST:ADSS,chr1,246566663,+,chr1,244437768,-,2128.896,0,1,FALSE,TRUE,TRUE,7b228492-433a-46f6-b477-4755f1ea3991,213,PotentialTransSplicing,-
7316-737.fastq,VAMP1:RIMKLB,chr12,6465842,-,chr12,8713811,+,2247.966,0,1,TRUE,TRUE,TRUE,8f7de12e-614b-4f20-a682-b4f0740a5881,394,PotentialTransSplicing,-
7316-737.fastq,HDAC2:FYN,chr6,113970857,-,chr6,111720062,-,2250.8,0,1,FALSE,TRUE,FALSE,c01da3c1-0f46-4c45-83cd-ecc4fcc01128,297,PotentialTransSplicing,-
7316-737.fastq,GALNT7:GPM6A,chr4,173168961,+,chr4,175701767,-,2532.808,0,1,TRUE,TRUE,TRUE,eec0b56a-82bf-4aca-9b9c-99e561268b7c,123,PotentialTransSplicing,-
7316-737.fastq,NXPH1:PHF14,chr7,8435767,+,chr7,11169416,+,2733.652,0,1,FALSE,TRUE,FALSE,73222af8-4565-4625-8f67-3eccacf6c6e8,472,PotentialTransSplicing,-
7316-737.fastq,RBFOX3:TBCD,chr17,79307724,-,chr17,82889668,+,3581.943,0,1,FALSE,TRUE,TRUE,c1b0acd8-39d9-4c15-9811-269ccbc34346,464,PotentialTransSplicing,-
7316-737.fastq,PRR5:RBX1,chr22,44714671,+,chr22,40972476,+,3742.193,0,1,TRUE,TRUE,TRUE,4a5177da-22bc-4508-a655-635ce68ee895,483,PotentialTransSplicing,-
7316-737.fastq,NDUFB5:NAALADL2-AS2,chr3,179618521,+,chr3,175235809,-,4382.701,0,1,FALSE,TRUE,TRUE,146a2c49-64ab-4539-8776-a0a0970ba6c6,457,PotentialTransSplicing,-
7316-737.fastq,NKAP:LRCH2,chrX,119938730,-,chrX,115156667,-,4782.064,0,1,TRUE,TRUE,FALSE,692d9bb1-00a9-40a4-9318-0f70db7b90d3,219,PotentialTransSplicing,-
7316-737.fastq,XRN2:KIF16B,chr20,21357792,+,chr20,16515664,-,4842.126,0,1,FALSE,TRUE,TRUE,1a27d2f5-67aa-473c-abea-a45c1225f05f,2096,PotentialTransSplicing,-
7316-737.fastq,ERBB2IP:NDUFAF2,chr5,65926806,+,chr5,61073125,+,4853.677,0,1,FALSE,TRUE,TRUE,14834898-e44f-4445-9c9e-2567eb35ac38,1019,PotentialTransSplicing,-
7316-737.fastq,SMAP2:SFPQ,chr1,40374223,+,chr1,35178036,-,5196.184,0,1,FALSE,TRUE,TRUE,44774969-e789-4b0f-9667-c8461d27ee71,503,PotentialTransSplicing,-
7316-737.fastq,KIF21A:NELL2,chr12,39442927,-,chr12,44780022,-,5337.091,0,1,TRUE,TRUE,TRUE,b9f69b84-90fb-4b03-b903-d68cb8a5af1e,191,PotentialTransSplicing,-
7316-737.fastq,TLE3:SIN3A,chr15,70094532,-,chr15,75436443,-,5341.909,0,1,FALSE,TRUE,TRUE,d8893e07-cb70-4abd-a358-b3d57cc326be,1239,PotentialTransSplicing,-
7316-737.fastq,RP11-12J10.3:GLRX3,chr10,124790273,-,chr10,130171584,+,5381.31,0,1,FALSE,TRUE,TRUE,d070f96e-8714-4738-a1f6-3bf07e2780c5,182,PotentialTransSplicing,-
7316-737.fastq,GLUD1:EXOC6,chr10,87094325,-,chr10,93014194,+,5919.868,0,1,TRUE,TRUE,TRUE,50722d09-fcb9-4ac8-9b68-56cc60a9207d,476,PotentialTransSplicing,-
7316-737.fastq,OSBPL6:HAT1,chr2,178194674,+,chr2,171965338,+,6229.332,0,1,FALSE,TRUE,TRUE,8e5746c3-0d7f-4900-a1d6-87808e51fe33,186,PotentialTransSplicing,-
7316-737.fastq,CBL:EI24,chr11,119274024,+,chr11,125582346,+,6308.327,0,1,FALSE,TRUE,FALSE,53b7c900-8208-4ed2-a312-9a2e80c02f94,785,PotentialTransSplicing,-
7316-737.fastq,C7orf55-LUC7L2:CHCHD3,chr7,139360322,+,chr7,133024627,-,6335.697,0,1,TRUE,TRUE,TRUE,9b503cf2-759b-4b92-abd3-3770d4692bc9,226,PotentialTransSplicing,-
7316-737.fastq,RERG:RIMKLB,chr12,15217429,-,chr12,8713811,+,6503.617,0,1,FALSE,TRUE,TRUE,61b60727-0672-4c2a-a54b-0c2508b92095,276,PotentialTransSplicing,-
7316-737.fastq,PPP2R2D:RP11-298J20.4,chr10,131901330,+,chr10,124942457,+,6958.869,0,1,FALSE,TRUE,TRUE,dfbb252c-5783-4ab8-b06b-8dfa9db1eae9,220,PotentialTransSplicing,-
7316-737.fastq,LPHN3:FIP1L1,chr4,61733554,+,chr4,53458653,+,8274.897,0,1,FALSE,TRUE,TRUE,b5a5980e-5c13-4781-a277-2c5e453a34d9,2844,PotentialTransSplicing,-
7316-737.fastq,UBE2D2:HINT1,chr5,139614617,+,chr5,131159611,-,8455.005,0,1,TRUE,TRUE,TRUE,7ea4b68e-f172-449c-bcd2-0595927f0e5c,360,PotentialTransSplicing,-
7316-737.fastq,PAK2:EIF4A2,chr3,196810653,+,chr3,186789125,+,10021.526,0,1,TRUE,TRUE,TRUE,710b79ca-8e21-4dd2-8c05-aea5c53cdae7,1102,PotentialTransSplicing,-
7316-737.fastq,PPP1CC:ARL6IP4,chr12,110742653,-,chr12,122981129,+,12238.473,0,1,TRUE,TRUE,TRUE,ff3f9caf-72f0-44e0-be15-546ef56050a9,216,PotentialTransSplicing,-
7316-737.fastq,LUC7L3:DDX5,chr17,50750852,+,chr17,64500326,-,13749.475,0,1,FALSE,TRUE,TRUE,00b8777c-c668-404f-9c27-077fc05418b4,156,PotentialTransSplicing,-
7316-737.fastq,CCNT2:KIF5C,chr2,134939062,+,chr2,148973336,+,14034.277,0,1,TRUE,TRUE,FALSE,88a7b724-758f-49dc-9f82-300077963280,448,PotentialTransSplicing,-
7316-737.fastq,RERE:KDM1A,chr1,8817160,-,chr1,23030469,+,14213.305,0,1,FALSE,TRUE,TRUE,47d9787b-c889-401d-bbdb-53a9ad48afe7,332,PotentialTransSplicing,-
7316-737.fastq,ALKBH3:METTL15,chr11,43901725,+,chr11,28110166,+,15791.555,0,1,FALSE,TRUE,TRUE,50d43e73-f301-439f-8b0d-4ed32e81dbb3,499,PotentialTransSplicing,-
7316-737.fastq,CCND2:LDHB,chr12,4288990,+,chr12,21647016,-,17358.028,0,1,TRUE,TRUE,TRUE,632835b5-8129-4961-8902-59218071caf8,836,PotentialTransSplicing,-
7316-737.fastq,COL4A3BP:CTD-2023N9.2,chr5,75419341,-,chr5,57614177,+,17805.171,0,1,FALSE,TRUE,TRUE,18f19601-0616-4177-8ce4-652476dd5e8f,1085,PotentialTransSplicing,-
7316-737.fastq,NAP1L1:SARNP,chr12,76049756,-,chr12,55789143,-,20260.617,0,1,TRUE,TRUE,FALSE,bac0f058-49ed-4883-b14a-958a331ebc71,1200,PotentialTransSplicing,-
7316-737.fastq,CHIC2:CCNI,chr4,54064182,-,chr4,77066405,-,23002.222,0,1,FALSE,TRUE,TRUE,cde70ce8-2731-4c38-8840-44a1481994e2,417,PotentialTransSplicing,-
7316-737.fastq,ERICH2:CCDC150,chr2,170784833,+,chr2,196729793,+,25944.961,0,1,TRUE,TRUE,FALSE,769d271a-86fb-443e-9d55-9b96d1176aa3,81,PotentialTransSplicing,-
7316-737.fastq,SRPK2:MKLN1,chr7,105388648,-,chr7,131463217,+,26074.568,0,1,FALSE,TRUE,TRUE,4e5cd24a-c605-4fd3-9d93-a0d4e96bf051,85,PotentialTransSplicing,-
7316-737.fastq,PUM2:CALM2,chr2,20350597,-,chr2,47162662,-,26812.064,0,1,FALSE,TRUE,TRUE,3063efa1-cf72-4919-9ed4-46d01a5566a7,437,PotentialTransSplicing,-
7316-737.fastq,OCIAD1:G3BP2,chr4,48831249,+,chr4,75662049,-,26830.805,0,1,FALSE,TRUE,TRUE,6c7381d0-faf8-49a4-88c6-c49e755a99e8,118,PotentialTransSplicing,-
7316-737.fastq,ME1:GTF3C6,chr6,83346173,-,chr6,110960414,+,27614.24,0,1,TRUE,TRUE,TRUE,0a171989-7499-48c1-ba9a-778f0be46681,845,PotentialTransSplicing,-
7316-737.fastq,PAN3:TDRD3,chr13,28177935,+,chr13,60567525,+,32389.592,0,1,TRUE,TRUE,FALSE,e8fba7fa-f4e7-4314-bc75-cc8ade22e12d,876,PotentialTransSplicing,-
7316-737.fastq,XYLT2:TRPV2,chr17,50357252,+,chr17,16434890,+,33922.35,0,1,TRUE,TRUE,TRUE,382bf92a-fdcd-4a38-b674-3e97c53f542d,951,PotentialTransSplicing,-
7316-737.fastq,GADD45GIP1:GYS1,chr19,12956863,-,chr19,48978157,-,36021.289,0,1,TRUE,TRUE,TRUE,8e0d8919-431b-4a7d-b7aa-af640a9a0943,343,PotentialTransSplicing,-
7316-737.fastq,STK33:C11orf49,chr11,8594083,-,chr11,47052388,+,38458.303,0,1,FALSE,TRUE,TRUE,7254014c-7c2b-49a8-9bc1-842b3576a07d,156,PotentialTransSplicing,-
7316-737.fastq,NAGK:GTF3C2,chr2,71068712,+,chr2,27328931,-,43739.78,0,1,TRUE,TRUE,TRUE,51380171-e3ac-40bf-8594-30f72230fd59,107,PotentialTransSplicing,-
7316-737.fastq,PRR12:PTPRS,chr19,49620477,+,chr19,5222220,-,44398.255,0,1,TRUE,TRUE,TRUE,735c5643-a65e-40eb-8c15-083d1084316d,2413,PotentialTransSplicing,-
7316-737.fastq,EXOC5:KLC1,chr14,57268622,-,chr14,103700655,+,46432.031,0,1,TRUE,TRUE,TRUE,b76552aa-599b-44ad-aee4-c85e98f2a990,220,PotentialTransSplicing,-
7316-737.fastq,MAGI2:ZNRF2,chr7,78343778,-,chr7,30323642,+,48020.138,0,1,TRUE,TRUE,TRUE,fc6ef929-c397-4fb7-a43d-f3283acb4463,1495,PotentialTransSplicing,-
7316-737.fastq,IFNGR1:AKIRIN2,chr6,137219243,-,chr6,87681763,-,49537.484,0,1,TRUE,TRUE,FALSE,5289f855-43f9-464a-8ffa-132d6e8e357f,153,PotentialTransSplicing,-
7316-737.fastq,GMNN:HMGN3,chr6,24780740,+,chr6,79201726,-,54420.991,0,1,TRUE,TRUE,TRUE,768b9a41-38aa-49e1-baf0-55a221a63689,419,PotentialTransSplicing,-
7316-737.fastq,AHNAK:IFITM10,chr11,62546660,-,chr11,1748119,-,60798.545,0,1,FALSE,TRUE,FALSE,4920425c-5321-4f24-9f08-34257778a51f,136,PotentialTransSplicing,-
7316-737.fastq,RPAP3:IFT81,chr12,47701464,-,chr12,110162919,+,62461.454,0,1,TRUE,TRUE,TRUE,3601b9f8-b955-4718-9dc3-e784e3ced76c,355,PotentialTransSplicing,-
7316-737.fastq,EPS8:TMTC2,chr12,15789161,-,chr12,83132210,+,67343.048,0,1,FALSE,TRUE,TRUE,40303676-5960-4202-9b74-39630ff3aa35,138,PotentialTransSplicing,-
7316-737.fastq,RGPD5:DFNB59,chr2,109826438,+,chr2,178460982,+,68634.547,0,1,FALSE,TRUE,FALSE,a5636c3b-75c8-4902-ab98-1ce7c9794d22,149,PotentialTransSplicing,-
7316-737.fastq,TMEM55A:TUSC3,chr8,91021256,-,chr8,15764203,+,75257.054,0,1,FALSE,TRUE,TRUE,95579270-b0da-46e9-8308-bb943247bdfd,326,PotentialTransSplicing,-
7316-737.fastq,SNRNP200:ODC1,chr2,96300998,-,chr2,10440868,-,85860.133,0,1,FALSE,TRUE,FALSE,af40482c-b110-4986-bcce-91cda633ffad,685,PotentialTransSplicing,-
7316-737.fastq,NAA10:USP11,chrX,153930763,-,chrX,47241277,+,106689.489,0,1,TRUE,TRUE,TRUE,c86d8ffa-4f17-491c-a859-62fa92cb87d5,583,PotentialTransSplicing,-
7316-737.fastq,SESTD1:RTN4,chr2,179172120,-,chr2,55028220,-,124143.902,0,1,FALSE,TRUE,FALSE,3a594be0-0e19-4003-a10e-06d2862f16cb,682,PotentialTransSplicing,-
7316-737.fastq,ERBB4:FAM228B,chr2,212538449,-,chr2,24135119,+,188403.333,0,1,FALSE,TRUE,TRUE,7652d58e-7a38-492f-8725-7c23290b64d2,96,PotentialTransSplicing,-
7316-737.fastq,CTBP2:GNAS,chr10,125160319,-,chr20,58895612,+,Inf,0,1,FALSE,TRUE,TRUE,e423a39a-6d50-4043-8dbf-bb275158327d,234,PotentialTransSplicing,-
7316-737.fastq,STAM:TXNL4A,chr10,17644379,+,chr18,79973856,-,Inf,0,1,FALSE,TRUE,TRUE,fdfe4358-77a1-406a-b7f0-a007f2cc8da9,118,PotentialTransSplicing,-
7316-737.fastq,SVIL-AS1:UBE2V2,chr10,29415412,+,chr8,48060682,+,Inf,0,1,FALSE,TRUE,TRUE,e4fcb459-67d4-42a2-b332-c5796a79e648,147,PotentialTransSplicing,-
7316-737.fastq,ZEB1-AS1:NCL,chr10,31319515,-,chr2,231455624,-,Inf,0,1,FALSE,TRUE,TRUE,f214cc7d-cbe5-4c09-a094-7024b30a64ca,253,PotentialTransSplicing,-
7316-737.fastq,ZNF248:ATP1A1,chr10,37833025,-,chr1,116396598,+,Inf,0,1,TRUE,TRUE,TRUE,272657a1-0bc5-414e-83e8-2d560f9fe85e,1432,PotentialTransSplicing,-
7316-737.fastq,ZNF37A:STK33,chr10,38096632,+,chr11,8464822,-,Inf,0,1,TRUE,TRUE,TRUE,18adddd4-eb5d-4523-b72a-795f46d5d7cb,627,PotentialTransSplicing,-
7316-737.fastq,CXCL12:SRP9,chr10,44378637,-,chr1,225777935,+,Inf,0,1,FALSE,TRUE,TRUE,a6c8a0d4-aab9-4db4-b530-9cb7ea0d9b9b,346,PotentialTransSplicing,-
7316-737.fastq,ANK3:POR,chr10,60389425,-,chr7,75953989,+,Inf,0,1,TRUE,TRUE,TRUE,cd4bc7a3-3b71-45cb-8486-85e958a3685e,422,PotentialTransSplicing,-
7316-737.fastq,JMJD1C:XPC,chr10,63217207,-,chr3,14156495,-,Inf,0,1,TRUE,TRUE,TRUE,7a3be61c-957a-4e02-92d0-32e6170c483b,550,PotentialTransSplicing,-
7316-737.fastq,DIP2C:SREBF2,chr10,689494,-,chr22,41866831,+,Inf,0,1,TRUE,TRUE,TRUE,d23f9959-8867-44df-bcf6-96f36e332951,282,PotentialTransSplicing,-
7316-737.fastq,SEC24C:ABCB10,chr10,73751243,+,chr1,229549434,-,Inf,0,1,FALSE,TRUE,TRUE,08ba3df2-5840-4f55-8257-6fed5b60df30,378,PotentialTransSplicing,-
7316-737.fastq,NRG3:NF1,chr10,82358868,+,chr17,31381873,+,Inf,0,1,FALSE,TRUE,TRUE,a20c4ca6-9030-4f89-b913-84fecf16fbe7,603,PotentialTransSplicing,-
7316-737.fastq,KDELC2:SMARCE1,chr11,108498165,-,chr17,40628993,-,Inf,0,1,TRUE,TRUE,TRUE,99760334-78d4-4df7-b2f4-38a7ff4354c3,273,PotentialTransSplicing,-
7316-737.fastq,CADM1:FUT8,chr11,115504271,-,chr14,65455621,+,Inf,0,1,FALSE,TRUE,TRUE,18550fee-711b-42db-8ed0-71b9f96519e3,131,PotentialTransSplicing,-
7316-737.fastq,CADM1:ZNF532,chr11,115504271,-,chr18,58979055,+,Inf,0,1,FALSE,TRUE,TRUE,ca49f6a9-025a-43a9-b1de-c0848273bcce,138,PotentialTransSplicing,-
7316-737.fastq,APLP2:OSBPL9,chr11,130070082,+,chr1,51781164,+,Inf,0,1,FALSE,TRUE,TRUE,d641e9c6-138f-495b-907e-8f5b1b30374c,149,PotentialTransSplicing,-
7316-737.fastq,OPCML:CLASP1,chr11,133532264,-,chr2,121410969,-,Inf,0,1,TRUE,TRUE,TRUE,6c8fe219-a55e-4a68-a244-5f0cdbf29c1e,192,PotentialTransSplicing,-
7316-737.fastq,PDE3B:NPEPPS,chr11,14861366,+,chr17,47618350,+,Inf,0,1,TRUE,TRUE,TRUE,0b3fe0ae-0e37-4681-b4ad-3ba0709b9cb2,1471,PotentialTransSplicing,-
7316-737.fastq,GDAP2:PTEN,chr1,117883488,-,chr10,87952118,+,Inf,0,1,FALSE,TRUE,TRUE,249061ba-438f-4c0a-b608-a67ea7f7a976,1163,PotentialTransSplicing,-
7316-737.fastq,LDLRAD3:UBB,chr11,36036249,+,chr17,16381902,+,Inf,0,1,FALSE,TRUE,TRUE,2c991a49-79eb-4a4b-932c-e7267d975887,238,PotentialTransSplicing,-
7316-737.fastq,NUP98:LSM5,chr11,3744509,-,chr7,32487757,-,Inf,0,1,FALSE,TRUE,TRUE,009baff7-c67f-4df0-ad00-a225b72d1e69,861,PotentialTransSplicing,-
7316-737.fastq,RP11-34P13.13:ZNF451,chr1,146386,-,chr6,57133042,+,Inf,0,1,FALSE,TRUE,TRUE,d86cd7d9-b3d2-497c-97a2-958932dd7772,2464,PotentialTransSplicing,-
7316-737.fastq,FNBP4:WNT10B,chr11,47752916,-,chr12,48966553,-,Inf,0,1,FALSE,TRUE,TRUE,c6f0ff38-5a2a-4094-96ce-b0ebf24534fc,202,PotentialTransSplicing,-
7316-737.fastq,CKS1B:CSNK1G2,chr1,154974804,+,chr19,1978305,+,Inf,0,1,FALSE,TRUE,TRUE,81255066-ac77-4f9a-9d87-08fdc193effc,106,PotentialTransSplicing,-
7316-737.fastq,YY1AP1:ST14,chr1,155679409,-,chr11,130188114,+,Inf,0,1,FALSE,TRUE,TRUE,b7c1690b-746c-4a79-9bd5-46f33597e9e1,341,PotentialTransSplicing,-
7316-737.fastq,LMNA:SNF8,chr1,156083184,+,chr17,48931717,-,Inf,0,1,FALSE,TRUE,TRUE,174ffb24-f572-44e2-8459-3cae0ea8a190,270,PotentialTransSplicing,-
7316-737.fastq,RP11-98G7.1:ZNF138,chr1,156456353,-,chr7,64830940,+,Inf,0,1,FALSE,TRUE,TRUE,87588c3a-370a-4aca-8bc9-a0333ea1fa9e,269,PotentialTransSplicing,-
7316-737.fastq,LBHD1:HDAC6,chr11,62663236,-,chrX,48806368,+,Inf,0,1,TRUE,TRUE,TRUE,46ab9ab8-d2cc-44cb-b392-ffe9bfa729f1,292,PotentialTransSplicing,-
7316-737.fastq,NECAP2:TEX40,chr1,16448141,+,chr11,64304543,+,Inf,0,1,FALSE,TRUE,TRUE,5fc87f46-c81d-4ede-94e7-00ce46649628,384,PotentialTransSplicing,-
7316-737.fastq,SF1:HDGF,chr11,64778362,-,chr1,156745373,-,Inf,0,1,FALSE,TRUE,TRUE,a0314065-7e29-4bec-964d-70510a0fce0b,133,PotentialTransSplicing,-
7316-737.fastq,MALAT1:ZGRF1,chr11,65502393,+,chr4,112560995,-,Inf,0,1,FALSE,TRUE,TRUE,407edef8-c376-4fcc-9410-348081609cd9,756,PotentialTransSplicing,-
7316-737.fastq,RAD9A:ANP32B,chr11,67321333,+,chr9,97994631,+,Inf,0,1,FALSE,TRUE,TRUE,5cb01ece-b4e1-4a1f-8c69-b03310e23169,395,PotentialTransSplicing,-
7316-737.fastq,ATP13A2:HAUS5,chr1,16991734,-,chr19,35622601,+,Inf,0,1,TRUE,TRUE,TRUE,f3833435-3c14-46c4-b1f2-d17aca0ed3e6,702,PotentialTransSplicing,-
7316-737.fastq,AP000487.5:TLN1,chr11,70398098,-,chr9,35725321,-,Inf,0,1,FALSE,TRUE,TRUE,c595f7df-e980-486d-8789-f735dbfd56f7,259,PotentialTransSplicing,-
7316-737.fastq,IPO7:SHARPIN,chr11,9384847,+,chr8,144103225,-,Inf,0,1,TRUE,TRUE,TRUE,b119dc36-98b9-4457-b65a-67568801725b,185,PotentialTransSplicing,-
7316-737.fastq,GABARAPL1:UTP6,chr12,10218141,+,chr17,31878781,-,Inf,0,1,TRUE,TRUE,TRUE,d664494f-4872-469c-b841-0b3b2ed6bd6f,223,PotentialTransSplicing,-
7316-737.fastq,PLBD2:SMN2,chr12,113369209,+,chr5,70077019,+,Inf,0,1,TRUE,TRUE,TRUE,afba0451-0597-4f2e-a007-ea71578d6741,388,PotentialTransSplicing,-
7316-737.fastq,AL021546.6:MRPL21,chr12,120438521,+,chr11,68892993,-,Inf,0,1,FALSE,TRUE,TRUE,6fdb4f8b-b5f5-49ca-86bf-7d58e6f2fd2a,247,PotentialTransSplicing,-
7316-737.fastq,NCOR2:PALM,chr12,124567308,-,chr19,746285,+,Inf,0,1,FALSE,TRUE,TRUE,25b18e5b-7108-417b-bb4e-9beb0792dabb,402,PotentialTransSplicing,-
7316-737.fastq,NOC4L:ASPSCR1,chr12,132145665,+,chr17,82009037,+,Inf,0,1,TRUE,TRUE,TRUE,a63b45c6-9c06-4cfd-b28c-b0505ec694a2,860,PotentialTransSplicing,-
7316-737.fastq,NOC4L:KDELR1,chr12,132148895,+,chr19,48390524,-,Inf,0,1,TRUE,TRUE,TRUE,818555bb-ce34-4588-a6ae-b22c151f5008,973,PotentialTransSplicing,-
7316-737.fastq,FBXO28:RELN,chr1,224114396,+,chr7,103472908,-,Inf,0,1,FALSE,TRUE,TRUE,cbb53291-cf66-43be-81e3-3d18aa3d010d,133,PotentialTransSplicing,-
7316-737.fastq,TEAD4:SFPQ,chr12,3022017,+,chr1,35178036,-,Inf,0,1,TRUE,TRUE,TRUE,7d77b797-90a0-43f8-ba26-5cae96905e25,197,PotentialTransSplicing,-
7316-737.fastq,CEP170:PHF14,chr1,243164284,-,chr7,11111350,+,Inf,0,1,FALSE,TRUE,TRUE,f3192e8e-0101-434e-b780-5b45c1489af7,3859,PotentialTransSplicing,-
7316-737.fastq,RSRP1:CFL1,chr1,25245150,-,chr11,65856242,-,Inf,0,1,TRUE,TRUE,TRUE,90cc8251-7913-4cc0-a94b-844f9e4f89b5,875,PotentialTransSplicing,-
7316-737.fastq,ANKRD52:ASPSCR1,chr12,56243238,-,chr17,82009037,+,Inf,0,1,FALSE,TRUE,TRUE,ab25d249-9749-4659-b7ce-3c0402359208,751,PotentialTransSplicing,-
7316-737.fastq,RP11-977G19.10:POLR2H,chr12,56314851,-,chr3,184368177,+,Inf,0,1,FALSE,TRUE,TRUE,45f55423-6c3d-40cd-b751-7efb1db02ea5,280,PotentialTransSplicing,-
7316-737.fastq,BAZ2A:GNB2L1,chr12,56603359,-,chr5,181237042,-,Inf,0,1,TRUE,TRUE,TRUE,f615f276-8816-4d8f-b0e0-dba646f48d3d,208,PotentialTransSplicing,-
7316-737.fastq,MON2:SLC35A1,chr12,62467318,+,chr6,87511399,+,Inf,0,1,FALSE,TRUE,TRUE,1f0d3d88-4e67-4155-9394-2099c26344aa,499,PotentialTransSplicing,-
7316-737.fastq,RP11-123O10.4:LHX4-AS1,chr12,67069050,-,chr1,180430262,-,Inf,0,1,FALSE,TRUE,TRUE,df895842-d5a0-4331-9f73-8c67d1dfcd96,801,PotentialTransSplicing,-
7316-737.fastq,CPM:BCAS3,chr12,68932678,-,chr17,60709219,+,Inf,0,1,TRUE,TRUE,TRUE,32b3f349-0228-4209-8c33-7b19cacee0ff,176,PotentialTransSplicing,-
7316-737.fastq,CPSF6:NDUFS5,chr12,69262562,+,chr1,39034392,+,Inf,0,1,FALSE,TRUE,TRUE,242078a3-9ad1-48b8-a706-447161a01d97,733,PotentialTransSplicing,-
7316-737.fastq,KRR1:RRAGB,chr12,75506782,-,chrX,55758246,+,Inf,0,1,FALSE,TRUE,TRUE,a86acc2f-d494-413b-ad0d-a1cf91261dd9,393,PotentialTransSplicing,-
7316-737.fastq,EPB41:GRIA2,chr1,29053312,+,chr4,157363435,+,Inf,0,1,FALSE,TRUE,TRUE,ce147bee-1b6c-4dd4-84cc-294e9f96de1c,2100,PotentialTransSplicing,-
7316-737.fastq,DCUN1D2:ILKAP,chr13,113474124,-,chr2,238171024,-,Inf,0,1,FALSE,TRUE,TRUE,778793cc-01a5-4c81-a9fa-b230da2fe9da,665,PotentialTransSplicing,-
7316-737.fastq,TMEM255B:COPRS,chr13,113769160,+,chr17,31856865,-,Inf,0,1,TRUE,TRUE,TRUE,080cf87e-6d02-4e0f-a9bb-69a0752e7177,229,PotentialTransSplicing,-
7316-737.fastq,USP12:RAB5A,chr13,27171592,-,chr3,19975601,+,Inf,0,1,FALSE,TRUE,TRUE,65d445c2-9acf-408b-a63c-d9c00a1534b5,462,PotentialTransSplicing,-
7316-737.fastq,NAA16:CRYZL1,chr13,41318910,+,chr21,33591211,-,Inf,0,1,TRUE,TRUE,TRUE,db35057c-de6c-4b5a-bdbe-c7679d794e46,498,PotentialTransSplicing,-
7316-737.fastq,TPT1-AS1:RP11-162A12.2,chr13,45352014,+,chr18,76816842,-,Inf,0,1,FALSE,TRUE,TRUE,ff06a9cd-09b4-4378-8eaa-a38e560b15e2,381,PotentialTransSplicing,-
7316-737.fastq,PACS2:SEPW1,chr14,105369900,+,chr19,47784290,+,Inf,0,1,FALSE,TRUE,TRUE,a6d55284-3fda-4f6f-986f-52790727bc50,1134,PotentialTransSplicing,-
7316-737.fastq,SOS2:HNRNPDL,chr14,50180572,-,chr4,82424883,-,Inf,0,1,FALSE,TRUE,TRUE,9c522139-6028-41fe-8a2b-95417d891781,1320,PotentialTransSplicing,-
7316-737.fastq,KTN1-AS1:TAF1D,chr14,55561089,-,chr11,93730447,-,Inf,0,1,FALSE,TRUE,TRUE,190f649a-7346-443d-9277-e0f146a422e2,367,PotentialTransSplicing,-
7316-737.fastq,NAA30:SCAPER,chr14,57391728,+,chr15,76665789,-,Inf,0,1,TRUE,TRUE,TRUE,3f9a3957-ab19-417f-b5f7-54eb8ba57ace,396,PotentialTransSplicing,-
7316-737.fastq,TTC8:C11orf80,chr14,88824821,+,chr11,66816053,+,Inf,0,1,FALSE,TRUE,TRUE,5cd6753f-d308-4792-bd4d-a468cc164d18,124,PotentialTransSplicing,-
7316-737.fastq,FOXN3:TCF4,chr14,89280950,-,chr18,55332299,-,Inf,0,1,FALSE,TRUE,TRUE,81d9ecdc-af2e-4920-9cda-634b2c84b8d8,1308,PotentialTransSplicing,-
7316-737.fastq,CHGA:KANSL3,chr14,92931702,+,chr2,96601776,-,Inf,0,1,TRUE,TRUE,TRUE,72bdf409-c0ff-4c22-9d95-b8c017a93dc5,1010,PotentialTransSplicing,-
7316-737.fastq,PWRN4:CCDC7,chr15,23979211,+,chr10,32451592,+,Inf,0,1,FALSE,TRUE,TRUE,1318f04f-e643-41a1-975c-6ff4e249ba87,1625,PotentialTransSplicing,-
7316-737.fastq,UBE3A:FBXO25,chr15,25409088,-,chr8,458369,+,Inf,0,1,FALSE,TRUE,TRUE,03eb0e8a-5aab-4dc6-899c-37f6aca158e2,955,PotentialTransSplicing,-
7316-737.fastq,APBA2:MRPS6,chr15,28995806,+,chr21,34142408,+,Inf,0,1,FALSE,TRUE,TRUE,cc09420e-2e12-4475-b881-6ec0dbb9ba31,401,PotentialTransSplicing,-
7316-737.fastq,ECHDC2:PANK2,chr1,52921553,-,chr20,3923244,+,Inf,0,1,FALSE,TRUE,TRUE,057c2049-0280-44d2-a36d-474935645dc9,165,PotentialTransSplicing,-
7316-737.fastq,SCP2:CD99,chr1,52961629,+,chrY,2719661,+,Inf,0,1,TRUE,TRUE,TRUE,276f063b-d143-49dd-a012-04d4f7fd6621,569,PotentialTransSplicing,-
7316-737.fastq,RP11-932O9.7:RNF149,chr15,30625051,-,chr2,101271744,-,Inf,0,1,FALSE,TRUE,TRUE,ee62a95d-8075-497c-999b-065845e5a373,662,PotentialTransSplicing,-
7316-737.fastq,BUB1B:NAA16,chr15,40170681,+,chr13,41358304,+,Inf,0,1,FALSE,TRUE,TRUE,01c073eb-41f9-4945-9f1a-1a228d748dd3,484,PotentialTransSplicing,-
7316-737.fastq,C15orf57:TMEM131,chr15,40557216,-,chr2,97757383,-,Inf,0,1,FALSE,TRUE,TRUE,6a989162-1b29-4076-82dd-fcbc4564d540,459,PotentialTransSplicing,-
7316-737.fastq,VPS39:CCZ1,chr15,42191125,-,chr7,5900855,+,Inf,0,1,FALSE,TRUE,TRUE,c09b6704-2819-400f-b80a-b5be6089ea7b,384,PotentialTransSplicing,-
7316-737.fastq,SHF:RAB40B,chr15,45171883,-,chr17,82655667,-,Inf,0,1,FALSE,TRUE,TRUE,6d736cf3-c25f-4a88-898d-96e3a1bb538e,973,PotentialTransSplicing,-
7316-737.fastq,SPATA5L1:ATRNL1,chr15,45418682,+,chr10,115944658,+,Inf,0,1,FALSE,TRUE,TRUE,27f385c5-c590-4d84-8a5f-bb4c429ee3fc,600,PotentialTransSplicing,-
7316-737.fastq,SEMA6D:C14orf93,chr15,47470545,+,chr14,22999156,-,Inf,0,1,FALSE,TRUE,TRUE,04933736-636e-42e5-b73c-c03207e358ec,435,PotentialTransSplicing,-
7316-737.fastq,TNFAIP8L3:ZADH2,chr15,51094544,-,chr18,75202340,-,Inf,0,1,FALSE,TRUE,TRUE,9e3c6d03-3c79-4b17-aada-a9e8f13c17f2,129,PotentialTransSplicing,-
7316-737.fastq,ZNF280D:VDAC3,chr15,56635195,-,chr8,42405371,+,Inf,0,1,FALSE,TRUE,TRUE,94387529-c7e9-4f45-8f59-e384e6d433e1,1086,PotentialTransSplicing,-
7316-737.fastq,HERC1:GFOD2,chr15,63833827,-,chr16,67676053,-,Inf,0,1,FALSE,TRUE,TRUE,7a721693-eb8e-4e0e-ba9e-a5793184f6c7,108,PotentialTransSplicing,-
7316-737.fastq,IGDCC3:TIMM50,chr15,65375097,-,chr19,39482885,+,Inf,0,1,TRUE,TRUE,TRUE,8495cb85-d535-4634-bdc4-ec0d90b44445,642,PotentialTransSplicing,-
7316-737.fastq,RP11-1035H13.3:CEP76,chr16,18801431,-,chr18,12680828,-,Inf,0,1,TRUE,TRUE,TRUE,1aacc891-ec60-48b5-87ff-d614f315c1ca,104,PotentialTransSplicing,-
7316-737.fastq,LUC7L:ARHGEF7-AS2,chr16,229279,-,chr13,111114918,-,Inf,0,1,FALSE,TRUE,TRUE,4adf644a-ce34-485c-b76b-3936a6a3b645,135,PotentialTransSplicing,-
7316-737.fastq,AC002310.7:DLGAP4,chr16,30572411,+,chr20,36496705,+,Inf,0,1,FALSE,TRUE,TRUE,ecbbc589-2c2d-4045-aa7b-7890f8772495,95,PotentialTransSplicing,-
7316-737.fastq,FUS:PHF14,chr16,31185179,+,chr7,11111350,+,Inf,0,1,FALSE,TRUE,TRUE,5d6b3702-6f29-4f76-91c8-56dc9dfd67ca,823,PotentialTransSplicing,-
7316-737.fastq,EEF2KMT:SLC20A2,chr16,5095452,-,chr8,42472654,-,Inf,0,1,TRUE,TRUE,TRUE,f61faabc-7a04-4a8d-ada2-795ca5edb2a4,160,PotentialTransSplicing,-
7316-737.fastq,ST3GAL2:FEZ1,chr16,70438949,-,chr11,125489822,-,Inf,0,1,FALSE,TRUE,TRUE,c05621e6-5958-44f6-994a-4879e81be9ef,218,PotentialTransSplicing,-
7316-737.fastq,AP1G1:ETS2,chr16,71789279,-,chr21,38813003,+,Inf,0,1,TRUE,TRUE,TRUE,dfcaabac-0552-40bb-b6d2-fa87e5409b7a,264,PotentialTransSplicing,-
7316-737.fastq,ANKRD11:TUBA1A,chr16,89418284,-,chr12,49186833,-,Inf,0,1,FALSE,TRUE,TRUE,0f564869-804a-4272-98bd-b41b65989e4c,417,PotentialTransSplicing,-
7316-737.fastq,SPIRE2:EPB41L4B,chr16,89860795,+,chr9,109182797,-,Inf,0,1,TRUE,TRUE,TRUE,f205ae5d-e262-4b64-a500-bc3acb2c9250,914,PotentialTransSplicing,-
7316-737.fastq,C16orf72:CLEC2D,chr16,9093001,+,chr12,9687902,+,Inf,0,1,TRUE,TRUE,TRUE,f13fcbce-1f87-459c-a955-7a24fcf6a39a,729,PotentialTransSplicing,-
7316-737.fastq,YWHAE:FAM207A,chr17,1400047,-,chr21,44960100,+,Inf,0,1,TRUE,TRUE,TRUE,e101f030-eb25-4a38-b86b-c31769572702,144,PotentialTransSplicing,-
7316-737.fastq,PRPF8:SLC3A2,chr17,1684472,-,chr11,62882908,+,Inf,0,1,TRUE,TRUE,TRUE,5406f352-feee-459c-9791-e558812da6de,167,PotentialTransSplicing,-
7316-737.fastq,PRPF8:NDUFB1,chr17,1684472,-,chr14,92117642,-,Inf,0,1,FALSE,TRUE,TRUE,31c90806-c874-4f4d-8654-cbbc149dabdd,179,PotentialTransSplicing,-
7316-737.fastq,NLK:HDAC2,chr17,28043331,+,chr6,113953418,-,Inf,0,1,TRUE,TRUE,TRUE,616d1e30-7b82-4748-9bb2-a0cf8f823c0f,691,PotentialTransSplicing,-
7316-737.fastq,TMEM97:TRIP12,chr17,28319365,+,chr2,229771632,-,Inf,0,1,TRUE,TRUE,TRUE,97946ea4-1641-40ba-a2c8-405d598ca37a,157,PotentialTransSplicing,-
7316-737.fastq,PIGS:FLOT1,chr17,28554851,-,chr6,30740798,-,Inf,0,1,TRUE,TRUE,TRUE,d0759108-387a-4fc2-9375-cd1b37c329b1,1690,PotentialTransSplicing,-
7316-737.fastq,SRCIN1:DCTN2,chr17,38543823,-,chr12,57532315,-,Inf,0,1,TRUE,TRUE,TRUE,b47af7d1-8a8a-480e-bd82-9d2ee3513d72,197,PotentialTransSplicing,-
7316-737.fastq,ZZEF1:ATP5O,chr17,4076637,-,chr21,33904021,-,Inf,0,1,TRUE,TRUE,TRUE,6cdadcf9-f650-46e7-b766-5d9041eb6010,1338,PotentialTransSplicing,-
7316-737.fastq,UBE2G1:LUC7L,chr17,4366271,-,chr16,208188,-,Inf,0,1,FALSE,TRUE,TRUE,91c3ac5d-7d8e-4288-90b8-ce92b54b223d,351,PotentialTransSplicing,-
7316-737.fastq,SLC25A39:NUP188,chr17,44324711,-,chr9,129001884,+,Inf,0,1,FALSE,TRUE,TRUE,4898724e-dd84-49bb-ba29-cfac20e931da,110,PotentialTransSplicing,-
7316-737.fastq,UTP18:MSRA,chr17,51268904,+,chr8,10428148,+,Inf,0,1,FALSE,TRUE,TRUE,ca9fc1a8-5fb8-4f08-b649-808f468ce8ab,713,PotentialTransSplicing,-
7316-737.fastq,INTS2:C2CD5,chr17,61921725,-,chr12,22484888,-,Inf,0,1,FALSE,TRUE,TRUE,df203bd9-f9ef-4329-b167-55bfdce600b2,121,PotentialTransSplicing,-
7316-737.fastq,DDX5:KLC1,chr17,64506076,-,chr14,103700655,+,Inf,0,1,FALSE,TRUE,TRUE,d14ee838-3e45-4db4-bb36-e47482e4cee6,203,PotentialTransSplicing,-
7316-737.fastq,CACNG4:ZFAS1,chr17,66965131,+,chr20,49279104,+,Inf,0,1,FALSE,TRUE,TRUE,11595dab-4bda-462e-89ed-1c38c78bf411,493,PotentialTransSplicing,-
7316-737.fastq,ABCA5:H2AFV,chr17,69325699,-,chr7,44843354,-,Inf,0,1,FALSE,TRUE,TRUE,737da291-223d-430e-89f9-336790c4986b,189,PotentialTransSplicing,-
7316-737.fastq,PIGK:ATXN10,chr1,77154449,-,chr22,45689712,+,Inf,0,1,TRUE,TRUE,TRUE,4f0a55f4-9e4c-46f8-8049-a9bb92caba57,220,PotentialTransSplicing,-
7316-737.fastq,RP11-143K11.5:ADI1,chr17,73188027,+,chr2,3500993,-,Inf,0,1,FALSE,TRUE,TRUE,2e3395db-01a1-4608-b439-c164f69dbd07,447,PotentialTransSplicing,-
7316-737.fastq,EXOC7:FLNA,chr17,76094414,-,chrX,154355072,-,Inf,0,1,TRUE,TRUE,TRUE,95281c38-f0a9-4c4a-a04e-19bb628d6cb9,850,PotentialTransSplicing,-
7316-737.fastq,ZZZ3:MEIS2,chr1,77683262,-,chr15,36896686,-,Inf,0,1,FALSE,TRUE,TRUE,b998fd94-f2c1-460d-bd43-96ca056721a3,91,PotentialTransSplicing,-
7316-737.fastq,KDM6B:GNAO1,chr17,7840024,+,chr16,56351384,+,Inf,0,1,FALSE,TRUE,TRUE,d6f77db6-80db-4591-a09a-1991d6e89f1f,300,PotentialTransSplicing,-
7316-737.fastq,RBFOX3:LINC00959,chr17,79482454,-,chr10,130079901,-,Inf,0,1,FALSE,TRUE,TRUE,12905156-c2dc-4287-8316-9e0a154af448,356,PotentialTransSplicing,-
7316-737.fastq,ROCK1:CDK1,chr18,21039472,-,chr10,60793877,+,Inf,0,1,FALSE,TRUE,TRUE,c9abba59-3242-49ab-9c7d-5c39c90917f3,1867,PotentialTransSplicing,-
7316-737.fastq,ZSCAN30:TBCD,chr18,35290084,-,chr17,82870224,+,Inf,0,1,FALSE,TRUE,TRUE,6516a122-59f3-4455-91f8-d3e60ca2866c,115,PotentialTransSplicing,-
7316-737.fastq,SLC39A6:HNRNPDL,chr18,36129114,-,chr4,82424883,-,Inf,0,1,FALSE,TRUE,TRUE,a76cb949-4c8b-441f-8dd9-bd7a7d8ff510,230,PotentialTransSplicing,-
7316-737.fastq,ELP2:PDCD6IP,chr18,36164667,+,chr3,33838204,+,Inf,0,1,TRUE,TRUE,TRUE,55320fc0-bfef-4b4e-8be2-bffeb9cf6d6d,1964,PotentialTransSplicing,-
7316-737.fastq,RNF165:PCYOX1L,chr18,46334335,+,chr5,149367360,+,Inf,0,1,TRUE,TRUE,TRUE,76ac3433-0815-4bf5-a664-8d0fa28c4872,227,PotentialTransSplicing,-
7316-737.fastq,SSX2IP:STXBP5L,chr1,84690371,-,chr3,121318475,+,Inf,0,1,FALSE,TRUE,TRUE,70456ef5-25b6-4188-a8f2-d1acdd7069ef,161,PotentialTransSplicing,-
7316-737.fastq,TXNL4A:UBQLN1,chr18,79988240,-,chr9,83686155,-,Inf,0,1,TRUE,TRUE,TRUE,fac47a35-104c-4926-902c-028a64f37541,261,PotentialTransSplicing,-
7316-737.fastq,DNMT1:PSMD2,chr19,10162667,-,chr3,184301537,+,Inf,0,1,TRUE,TRUE,TRUE,084a9dcd-89ea-46eb-b8f8-6ed3ff9bd7dc,1052,PotentialTransSplicing,-
7316-737.fastq,ZNF700:NUP153,chr19,11925273,+,chr6,17616695,-,Inf,0,1,FALSE,TRUE,TRUE,dacd3740-c8ae-49d7-9de2-4574b1a75049,160,PotentialTransSplicing,-
7316-737.fastq,RNASEH2A:MRPL52,chr19,12810404,+,chr14,22834172,+,Inf,0,1,FALSE,TRUE,TRUE,9c2831e2-77ab-4f52-91fb-4ec26d4e4b78,709,PotentialTransSplicing,-
7316-737.fastq,CALR:P4HTM,chr19,12940654,+,chr3,49005718,+,Inf,0,1,TRUE,TRUE,TRUE,17e7d34c-2906-4cf3-bfe0-2a1305055854,864,PotentialTransSplicing,-
7316-737.fastq,GATAD2A:CDH2,chr19,19465614,+,chr18,27963521,-,Inf,0,1,FALSE,TRUE,TRUE,639be3c7-9b49-4427-a8e8-18062d557781,499,PotentialTransSplicing,-
7316-737.fastq,ZNF90:SAAL1,chr19,20078135,+,chr11,18096854,-,Inf,0,1,TRUE,TRUE,TRUE,ca19aa4d-5f3d-4515-ad6b-c0216b3e19ec,163,PotentialTransSplicing,-
7316-737.fastq,CELF5:GTF2B,chr19,3282498,+,chr1,88857487,-,Inf,0,1,TRUE,TRUE,TRUE,707f12d8-fa92-48a6-9910-c4c6b54949ec,1104,PotentialTransSplicing,-
7316-737.fastq,LSM14A:CNIH4,chr19,34194641,+,chr1,224365879,+,Inf,0,1,TRUE,TRUE,TRUE,106d8341-5f65-4e7b-9109-bf07d3d2112e,403,PotentialTransSplicing,-
7316-737.fastq,CHAF1A:RP11-159D12.5,chr19,4433539,+,chr17,57989796,-,Inf,0,1,TRUE,TRUE,TRUE,70b8746e-c99e-4a76-9d74-f12f9bd2afb5,238,PotentialTransSplicing,-
7316-737.fastq,TRPM4:YWHAE,chr19,49158259,+,chr17,1345499,-,Inf,0,1,FALSE,TRUE,TRUE,d9bc1714-dfdf-434a-b089-c751665f1add,159,PotentialTransSplicing,-
7316-737.fastq,TEAD2:NECAB3,chr19,49359844,-,chr20,33658033,-,Inf,0,1,FALSE,TRUE,TRUE,6ad666e0-d145-4115-9436-0f1002b030b1,243,PotentialTransSplicing,-
7316-737.fastq,AC010524.2:XRN2,chr19,49387356,-,chr20,21340721,+,Inf,0,1,FALSE,TRUE,TRUE,39339e09-56cf-47fd-8180-0d26b6f5f134,687,PotentialTransSplicing,-
7316-737.fastq,PIH1D1:GRIN1,chr19,49449475,-,chr9,137167774,+,Inf,0,1,FALSE,TRUE,TRUE,5f98cf58-24b2-4559-b390-580a77c34c32,647,PotentialTransSplicing,-
7316-737.fastq,TMEM56:AGPAT5,chr1,95151419,+,chr8,6755051,+,Inf,0,1,FALSE,TRUE,TRUE,051405ff-d813-44fe-91f8-210db5b33a04,614,PotentialTransSplicing,-
7316-737.fastq,ZNF320:ANAPC11,chr19,52897520,-,chr17,81899920,+,Inf,0,1,FALSE,TRUE,TRUE,48dd17b0-fd4e-4667-bf75-cd0d3992feaf,135,PotentialTransSplicing,-
7316-737.fastq,CTD-2245F17.3:CFI,chr19,53204142,+,chr4,109761692,-,Inf,0,1,FALSE,TRUE,TRUE,1f851346-059c-4a55-9365-af42ba74d44e,344,PotentialTransSplicing,-
7316-737.fastq,SAFB:GRSF1,chr19,5651072,+,chr4,70825431,-,Inf,0,1,TRUE,TRUE,TRUE,d39a6657-a001-49ba-91d7-f5cb982e3fae,634,PotentialTransSplicing,-
7316-737.fastq,CLSTN1:FAM193A,chr1,9823643,-,chr4,2689506,+,Inf,0,1,FALSE,TRUE,TRUE,f12d4228-d5c3-4537-9056-b3fc895ef653,323,PotentialTransSplicing,-
7316-737.fastq,BTBD3:MYL12B,chr20,11890954,+,chr18,3272884,+,Inf,0,1,FALSE,TRUE,TRUE,dc69cc93-ca75-49b4-8645-9a323c591ea8,121,PotentialTransSplicing,-
7316-737.fastq,RP4-734P14.4:OLMALINC,chr20,2492699,-,chr10,100381216,+,Inf,0,1,FALSE,TRUE,TRUE,371a4cf6-984e-4a18-bc98-3429b19315cf,182,PotentialTransSplicing,-
7316-737.fastq,DUSP15:MARK1,chr20,31863907,-,chr1,220661812,+,Inf,0,1,TRUE,TRUE,TRUE,c2d46e63-e3fd-4e24-a084-f56bb648b241,510,PotentialTransSplicing,-
7316-737.fastq,ASXL1:NDUFA5,chr20,32369123,+,chr7,123545676,-,Inf,0,1,TRUE,TRUE,TRUE,b8438c4a-5495-4892-bea3-dc0b28cda0bb,293,PotentialTransSplicing,-
7316-737.fastq,CBFA2T2:NDUFB2,chr20,33490301,+,chr7,140702866,+,Inf,0,1,FALSE,TRUE,TRUE,173b9151-50be-4bc3-ad2b-8e967b0d0b8b,209,PotentialTransSplicing,-
7316-737.fastq,RNF24:TUSC3,chr20,4015437,-,chr8,15730666,+,Inf,0,1,FALSE,TRUE,TRUE,11d8b50b-42f1-4d4a-824c-4ae1ea93ccc7,99,PotentialTransSplicing,-
7316-737.fastq,EYA2:ZBTB7A,chr20,46990119,+,chr19,4055247,-,Inf,0,1,FALSE,TRUE,TRUE,c04d490b-367a-431e-a747-c98f0e577115,235,PotentialTransSplicing,-
7316-737.fastq,PTPN1:RP11-159D12.5,chr20,50574654,+,chr17,57989796,-,Inf,0,1,TRUE,TRUE,TRUE,3e3fecf2-ceff-4f1d-8fd2-72b7b560154e,472,PotentialTransSplicing,-
7316-737.fastq,GID8:RP11-20I23.1,chr20,62938253,+,chr16,2519218,+,Inf,0,1,FALSE,TRUE,TRUE,ed698068-d72d-4887-b3d4-18488d91fede,188,PotentialTransSplicing,-
7316-737.fastq,GID8:CENPU,chr20,62938253,+,chr4,184697803,-,Inf,0,1,FALSE,TRUE,TRUE,67231d3b-136f-4576-baf9-5dd42de33dc4,154,PotentialTransSplicing,-
7316-737.fastq,CTD-3184A7.4:PCSK1N,chr20,63627392,+,chrX,48832341,-,Inf,0,1,FALSE,TRUE,TRUE,e717d322-7923-478f-bbf6-6981f9b678ee,192,PotentialTransSplicing,-
7316-737.fastq,ZBTB46:UBE2J2,chr20,63831097,-,chr1,1257310,-,Inf,0,1,FALSE,TRUE,TRUE,36fddd5e-3d39-4ec8-86bd-fdb012386633,185,PotentialTransSplicing,-
7316-737.fastq,HPCAL1:BNIP2,chr2,10408734,+,chr15,59682514,-,Inf,0,1,FALSE,TRUE,TRUE,89f8b839-92d0-4582-8abe-9e73136328ab,508,PotentialTransSplicing,-
7316-737.fastq,CLASP1:UBE2E2,chr2,121425139,-,chr3,23532554,+,Inf,0,1,FALSE,TRUE,TRUE,4f934f7f-3184-4fac-95b3-573006ada0a3,2607,PotentialTransSplicing,-
7316-737.fastq,APP:COMMD3-BMI1,chr21,26170564,-,chr10,22326431,+,Inf,0,1,FALSE,TRUE,TRUE,35676d38-0a34-4f2e-8ab1-4ef5a4ef3ec8,214,PotentialTransSplicing,-
7316-737.fastq,FAM168B:PCBP3,chr2,131071855,-,chr21,45935253,+,Inf,0,1,TRUE,TRUE,TRUE,fa2fe911-ef9a-491d-8750-9f9bcad55eb1,1053,PotentialTransSplicing,-
7316-737.fastq,PDE9A:AMOTL2,chr21,42653883,+,chr3,134371494,-,Inf,0,1,TRUE,TRUE,TRUE,9b161fda-9542-4314-a8f4-de39823c89bb,245,PotentialTransSplicing,-
7316-737.fastq,PRMT2:RP11-73M18.2,chr21,46660962,+,chr14,103670182,+,Inf,0,1,TRUE,TRUE,TRUE,5d887f80-cf26-4169-8775-c0eb619252fe,1045,PotentialTransSplicing,-
7316-737.fastq,BAZ2B:TRPC1,chr2,159332540,-,chr3,142748258,+,Inf,0,1,TRUE,TRUE,TRUE,bad6e7ca-4d64-4f66-a566-c40052ac97d4,1536,PotentialTransSplicing,-
7316-737.fastq,BAZ2B:TBCD,chr2,159616242,-,chr17,82923652,+,Inf,0,1,FALSE,TRUE,TRUE,9f1c9548-64b1-4566-8992-4939421a659d,197,PotentialTransSplicing,-
7316-737.fastq,KLHL23:ATG7,chr2,169695247,+,chr3,11379972,+,Inf,0,1,FALSE,TRUE,TRUE,f49b6526-81a6-43fd-a5b6-1f041954883c,174,PotentialTransSplicing,-
7316-737.fastq,ATF2:CTNNB1,chr2,175151060,-,chr3,41233341,+,Inf,0,1,FALSE,TRUE,TRUE,c13122aa-47ce-4a7b-b4b8-9b1aee097820,216,PotentialTransSplicing,-
7316-737.fastq,INO80D:HNRNPM,chr2,206085901,-,chr19,8462529,+,Inf,0,1,FALSE,TRUE,TRUE,885a9983-cf0b-4c13-9e14-6f7f499d634b,233,PotentialTransSplicing,-
7316-737.fastq,EEF1B2:BRAT1,chr2,206160059,+,chr7,2542211,-,Inf,0,1,TRUE,TRUE,TRUE,03653335-2cb8-4899-8460-8058773af7a2,441,PotentialTransSplicing,-
7316-737.fastq,MREG:AGPAT5,chr2,216013233,-,chr8,6755051,+,Inf,0,1,FALSE,TRUE,TRUE,5e0349f8-fef0-450a-9e9e-bd576c8ac195,253,PotentialTransSplicing,-
7316-737.fastq,AC098820.3:USP8,chr2,216498607,-,chr15,50471633,+,Inf,0,1,FALSE,TRUE,TRUE,d5fa574b-0843-44d4-abd5-4964a0ed8bba,154,PotentialTransSplicing,-
7316-737.fastq,TFIP11:USP3,chr22,26494139,-,chr15,63588305,+,Inf,0,1,TRUE,TRUE,TRUE,ab1e7968-fa22-4ad9-9693-c84df6642a58,2475,PotentialTransSplicing,-
7316-737.fastq,PPARA:RP5-972B16.2,chr22,46198591,+,chrX,38687599,+,Inf,0,1,FALSE,TRUE,TRUE,d017dada-bd1a-4d23-b539-ce047d3415e7,486,PotentialTransSplicing,-
7316-737.fastq,FAM19A5:FUS,chr22,48646746,+,chr16,31188325,+,Inf,0,1,TRUE,TRUE,TRUE,20ac42ae-b2c7-4717-a797-0a6a8528ce2c,317,PotentialTransSplicing,-
7316-737.fastq,SHANK3:PPFIA2,chr22,50722437,+,chr12,81277414,-,Inf,0,1,FALSE,TRUE,TRUE,00fd447b-40f0-49f1-bb94-e45446d3a36d,1176,PotentialTransSplicing,-
7316-737.fastq,ASXL2:RAB3IP,chr2,25878166,-,chr12,69755384,+,Inf,0,1,TRUE,TRUE,TRUE,2ecdb9c9-6ed9-4cb7-97dc-cee356005832,271,PotentialTransSplicing,-
7316-737.fastq,CGREF1:CSNK1E,chr2,27104287,-,chr22,38314169,-,Inf,0,1,FALSE,TRUE,TRUE,b2df5bf4-4029-44a8-8f37-da5dbe14d2a9,505,PotentialTransSplicing,-
7316-737.fastq,PPP1CB:BRINP1,chr2,28752176,+,chr9,119168224,-,Inf,0,1,FALSE,TRUE,TRUE,4bd3b0bb-56f3-4e46-b81e-d5aeb3c4a503,164,PotentialTransSplicing,-
7316-737.fastq,SPTBN1:MAPK8IP1,chr2,54658046,+,chr11,45901980,+,Inf,0,1,TRUE,TRUE,TRUE,b6a40662-2e57-44e0-bdcd-bf91a35d0ae3,173,PotentialTransSplicing,-
7316-737.fastq,TMEM18:FKBP8,chr2,677289,-,chr19,18541995,-,Inf,0,1,TRUE,TRUE,TRUE,8311e80a-9b43-4776-95eb-cba21ac034c1,119,PotentialTransSplicing,-
7316-737.fastq,TIA1:MPHOSPH8,chr2,70216208,-,chr13,19671206,+,Inf,0,1,TRUE,TRUE,TRUE,393eeba7-916e-422a-9481-92ce204bd482,215,PotentialTransSplicing,-
7316-737.fastq,UNC50:TCFL5,chr2,98616533,+,chr20,62857638,-,Inf,0,1,TRUE,TRUE,TRUE,a64176bc-1538-413b-a196-5be78ff61223,733,PotentialTransSplicing,-
7316-737.fastq,BBX:MARK3,chr3,107645909,+,chr14,103491777,+,Inf,0,1,FALSE,TRUE,TRUE,2759d647-0e71-4a58-8073-993487c92962,232,PotentialTransSplicing,-
7316-737.fastq,NAA50:FAM192A,chr3,113745942,-,chr16,57173869,-,Inf,0,1,FALSE,TRUE,TRUE,1d9c14d3-2969-4859-a7d8-782251430501,294,PotentialTransSplicing,-
7316-737.fastq,RAB7A:SFPQ,chr3,128726359,+,chr1,35178036,-,Inf,0,1,FALSE,TRUE,TRUE,5e13e01f-8ee3-4a22-b08d-2c4abad8a6eb,220,PotentialTransSplicing,-
7316-737.fastq,NCK1-AS1:FARSB,chr3,136861747,-,chr2,222613928,-,Inf,0,1,FALSE,TRUE,TRUE,b4353640-f48d-4d2e-91a0-f4513f6b59ec,259,PotentialTransSplicing,-
7316-737.fastq,RBSN:RAB10,chr3,15095973,-,chr2,26109768,+,Inf,0,1,FALSE,TRUE,TRUE,8aadab42-b463-4cbb-9376-510d3a384e3e,203,PotentialTransSplicing,-
7316-737.fastq,BCHE:LURAP1L,chr3,165786145,-,chr9,12821386,+,Inf,0,1,FALSE,TRUE,TRUE,b1942ee2-4a16-4215-a1ea-32132373463a,333,PotentialTransSplicing,-
7316-737.fastq,MYNN:ANKRD10,chr3,169774561,+,chr13,110893263,-,Inf,0,1,TRUE,TRUE,TRUE,f1107430-651e-4da0-9dc0-88a6b0613b91,329,PotentialTransSplicing,-
7316-737.fastq,ZNF385D:PRR36,chr3,21664886,-,chr19,7873299,-,Inf,0,1,FALSE,TRUE,TRUE,c1ee0c0d-dd53-4ef0-a0a4-56573ad57814,348,PotentialTransSplicing,-
7316-737.fastq,KLHL18:RPGRIP1L,chr3,47334819,+,chr16,53605614,-,Inf,0,1,FALSE,TRUE,TRUE,a1eb0871-a550-4996-a189-af36d9181c97,917,PotentialTransSplicing,-
7316-737.fastq,ARIH2:SKI,chr3,48922811,+,chr1,2302978,+,Inf,0,1,FALSE,TRUE,TRUE,be163d51-d65f-4fb6-a56c-5eb900857681,308,PotentialTransSplicing,-
7316-737.fastq,OGG1:RBX1,chr3,9756621,+,chr22,40964047,+,Inf,0,1,TRUE,TRUE,TRUE,322f2f2b-f9a2-41b3-a556-ffd6675a75e1,898,PotentialTransSplicing,-
7316-737.fastq,SEC24B:RP11-159D12.5,chr4,109463644,+,chr17,57989796,-,Inf,0,1,FALSE,TRUE,TRUE,de6ede62-ed0c-49fb-9e7d-0023b8135351,1068,PotentialTransSplicing,-
7316-737.fastq,ANK2:TTTY14,chr4,112904514,+,chrY,18877205,-,Inf,0,1,FALSE,TRUE,TRUE,14c747cd-6983-44af-b950-cfba232e6fab,187,PotentialTransSplicing,-
7316-737.fastq,ANK2:MRPS6,chr4,113302839,+,chr21,34142408,+,Inf,0,1,FALSE,TRUE,TRUE,b4eaf1d8-f032-42c5-b703-a7fccb8920c0,1541,PotentialTransSplicing,-
7316-737.fastq,NAA15:GTF2I,chr4,139301831,+,chr7,74728786,+,Inf,0,1,FALSE,TRUE,TRUE,b9b134a0-481a-469c-b08e-8949df1fe77f,325,PotentialTransSplicing,-
7316-737.fastq,RP11-308D13.3:PSMB1,chr4,139623101,-,chr6,170549113,-,Inf,0,1,FALSE,TRUE,TRUE,aaf7c1a5-4adb-4a51-bef9-1984c439e58d,115,PotentialTransSplicing,-
7316-737.fastq,GPM6A:SFPQ,chr4,175812191,-,chr1,35178036,-,Inf,0,1,FALSE,TRUE,TRUE,b73ddc5f-10f2-4006-9dde-fb0ffa3c039f,172,PotentialTransSplicing,-
7316-737.fastq,IRF2:NFE2L2,chr4,184474379,-,chr2,177234271,-,Inf,0,1,FALSE,TRUE,TRUE,e5512334-985f-40d0-8e9c-366b49a7c3b5,147,PotentialTransSplicing,-
7316-737.fastq,ACSL1:HINT1,chr4,184765891,-,chr5,131159611,-,Inf,0,1,TRUE,TRUE,TRUE,d4d14129-0232-44fd-b15e-e6ed88f107f7,1471,PotentialTransSplicing,-
7316-737.fastq,RP11-301L8.2:ATXN10,chr4,185589229,+,chr22,45806959,+,Inf,0,1,FALSE,TRUE,TRUE,a9da9fef-c8a0-44be-b5ee-1c577d6122d4,108,PotentialTransSplicing,-
7316-737.fastq,RP11-301L8.2:CPSF3,chr4,185589229,+,chr2,9452913,+,Inf,0,1,FALSE,TRUE,TRUE,9bb83295-d648-48f5-866b-e1bb9cfa6729,173,PotentialTransSplicing,-
7316-737.fastq,RP11-734I18.1:DHX9,chr4,31997822,+,chr1,182884613,+,Inf,0,1,FALSE,TRUE,TRUE,f0445476-df64-4c46-8312-e3f0787dda49,397,PotentialTransSplicing,-
7316-737.fastq,TMEM128:PRKCB,chr4,4246202,-,chr16,24219961,+,Inf,0,1,FALSE,TRUE,TRUE,937ee802-7667-478b-9ede-2a7cc42f9025,235,PotentialTransSplicing,-
7316-737.fastq,STX18-AS1:GPR173,chr4,4544907,+,chrX,53076525,+,Inf,0,1,FALSE,TRUE,TRUE,2cc4f1d4-d1cf-427d-922d-30802cf3cd8b,309,PotentialTransSplicing,-
7316-737.fastq,CCNG2:TMEM9,chr4,77157506,+,chr1,201153959,-,Inf,0,1,FALSE,TRUE,TRUE,b099e9a8-ab6d-489a-8cad-5a29a02c072a,252,PotentialTransSplicing,-
7316-737.fastq,FGF5:ERP29,chr4,80267179,+,chr12,112022150,+,Inf,0,1,FALSE,TRUE,TRUE,abf8a376-04da-4fda-89cf-f82937f76473,150,PotentialTransSplicing,-
7316-737.fastq,AFF1:CLYBL,chr4,87007424,+,chr13,99772824,+,Inf,0,1,TRUE,TRUE,TRUE,760d84d6-f4c4-4f46-937c-3924b0f5d709,206,PotentialTransSplicing,-
7316-737.fastq,CHSY3:ST20-MTHFS,chr5,129908360,+,chr15,79907684,-,Inf,0,1,TRUE,TRUE,TRUE,3f439171-356f-4bb6-8d7a-9abdeacb6340,789,PotentialTransSplicing,-
7316-737.fastq,CLPTM1L:GTF2A2,chr5,1341671,-,chr15,59650773,-,Inf,0,1,TRUE,TRUE,TRUE,c6c9f0e5-0d06-4050-8129-841e7572905f,465,PotentialTransSplicing,-
7316-737.fastq,REEP2:LUC7L,chr5,138439240,+,chr16,227336,-,Inf,0,1,TRUE,TRUE,TRUE,f3754a36-18b1-42e7-a554-6b8daf470970,185,PotentialTransSplicing,-
7316-737.fastq,ZNF346:MAP4,chr5,177022913,+,chr3,47877523,-,Inf,0,1,TRUE,TRUE,TRUE,dc68a662-c053-4085-b66a-54da235cf3ee,193,PotentialTransSplicing,-
7316-737.fastq,RP11-1252I4.2:SCAPER,chr5,177939766,+,chr15,76504974,-,Inf,0,1,FALSE,TRUE,TRUE,e6713d1c-2e71-46d4-b331-952a17b3b33b,142,PotentialTransSplicing,-
7316-737.fastq,DEPDC1B:SRP9,chr5,60638750,-,chr1,225777935,+,Inf,0,1,FALSE,TRUE,TRUE,ce6bf5c1-0051-462f-a637-8454f3db1542,727,PotentialTransSplicing,-
7316-737.fastq,SREK1:COX11,chr5,66153596,+,chr17,54961312,-,Inf,0,1,FALSE,TRUE,TRUE,96be1d67-ea24-4879-9d89-f473215bbb3a,337,PotentialTransSplicing,-
7316-737.fastq,SERF1B:PHF14,chr5,70041631,+,chr7,11111350,+,Inf,0,1,FALSE,TRUE,TRUE,1b3c8158-94e0-4726-84a6-c4192e44a6dc,349,PotentialTransSplicing,-
7316-737.fastq,RP11-466P24.6:PRIMPOL,chr5,76311184,-,chr4,184685412,+,Inf,0,1,FALSE,TRUE,TRUE,782d09b4-f0b9-4aff-8f0a-debb5b984e84,468,PotentialTransSplicing,-
7316-737.fastq,LINC00461:SRRM1,chr5,88684658,-,chr1,24670120,+,Inf,0,1,FALSE,TRUE,TRUE,58322831-1c5e-438b-a3d9-f07a526ec9b6,137,PotentialTransSplicing,-
7316-737.fastq,ATG5:OSBPL9,chr6,106201972,-,chr1,51797955,+,Inf,0,1,FALSE,TRUE,TRUE,243cbb6b-af16-4d5c-9415-ccd5cbcf65d6,782,PotentialTransSplicing,-
7316-737.fastq,REV3L:RTN3,chr6,111482750,-,chr11,63749991,+,Inf,0,1,TRUE,TRUE,TRUE,a09afad5-194e-44ba-9519-2a694ff68d95,440,PotentialTransSplicing,-
7316-737.fastq,STX7:GDAP2,chr6,132503446,-,chr1,117870616,-,Inf,0,1,FALSE,TRUE,TRUE,e2b80b3c-4b34-4a6c-97ce-6746596bf81b,239,PotentialTransSplicing,-
7316-737.fastq,JARID2:TAF9,chr6,15246584,+,chr5,69366595,-,Inf,0,1,FALSE,TRUE,TRUE,4189c50a-e323-4cdf-af84-a68384fbca7e,500,PotentialTransSplicing,-
7316-737.fastq,JARID2:CUX2,chr6,15374252,+,chr12,111214200,+,Inf,0,1,FALSE,TRUE,TRUE,139a2d93-43bf-49ae-a5aa-d83bb119facf,662,PotentialTransSplicing,-
7316-737.fastq,SCAF8:PAX6,chr6,154733930,+,chr11,31794788,-,Inf,0,1,FALSE,TRUE,TRUE,a4ad1454-e416-44ed-af3f-1a077ca92bc3,497,PotentialTransSplicing,-
7316-737.fastq,ZKSCAN8:MOCS2,chr6,28142029,+,chr5,53108643,-,Inf,0,1,FALSE,TRUE,TRUE,0d95312e-5deb-4ee3-8a5b-e2b50ae771a4,124,PotentialTransSplicing,-
7316-737.fastq,TRERF1:DOCK8,chr6,42451177,-,chr9,463517,+,Inf,0,1,FALSE,TRUE,TRUE,28c2d293-c38e-4e76-81f9-a0033aa1dc42,102,PotentialTransSplicing,-
7316-737.fastq,ZNF318:EBAG9,chr6,43342676,-,chr8,109550810,+,Inf,0,1,TRUE,TRUE,TRUE,e7948bae-372a-4b5a-81f3-75258df583a6,1070,PotentialTransSplicing,-
7316-737.fastq,SUPT3H:CCDC130,chr6,45365201,-,chr19,13762590,+,Inf,0,1,FALSE,TRUE,TRUE,fde93aac-e9f6-4779-a971-05e7b73f2117,101,PotentialTransSplicing,-
7316-737.fastq,FAM135A:CMTM7,chr6,70502791,+,chr3,32452392,+,Inf,0,1,TRUE,TRUE,TRUE,82bfa815-5f0f-43ef-91dd-a0cda8a378ed,1200,PotentialTransSplicing,-
7316-737.fastq,ACTL6B:UBL5,chr7,100650038,-,chr19,9828592,+,Inf,0,1,TRUE,TRUE,TRUE,db4bfb83-82f5-4a1b-824b-62623eaf57e1,625,PotentialTransSplicing,-
7316-737.fastq,POLR2J3:GPI,chr7,102566997,-,chr19,34399207,+,Inf,0,1,FALSE,TRUE,TRUE,d88c22ff-db36-4520-a2cc-da281979b90f,419,PotentialTransSplicing,-
7316-737.fastq,COG5:KIF18A,chr7,107527237,-,chr11,28023850,-,Inf,0,1,FALSE,TRUE,TRUE,09902bae-fc37-4dd8-8a50-c12f7c792469,537,PotentialTransSplicing,-
7316-737.fastq,CBLL1:COX7A2,chr7,107744837,+,chr6,75237988,-,Inf,0,1,FALSE,TRUE,TRUE,a3e420e6-31dc-4209-82f1-2e61a52f5e95,679,PotentialTransSplicing,-
7316-737.fastq,PHF14:UBE2QL1,chr7,10974945,+,chr5,6491218,+,Inf,0,1,FALSE,TRUE,TRUE,f7563dc0-a295-48fe-b683-7d3b0e84607e,521,PotentialTransSplicing,-
7316-737.fastq,CNTNAP2:MALAT1,chr7,147639306,+,chr11,65506386,+,Inf,0,1,FALSE,TRUE,TRUE,f7c064f7-4eb7-420d-b2fd-d1c5edaacad8,1570,PotentialTransSplicing,-
7316-737.fastq,KMT2C:CCDC124,chr7,152250853,-,chr19,17942656,+,Inf,0,1,FALSE,TRUE,TRUE,19b4b11c-3c01-4a86-91e1-6d49c58840f3,156,PotentialTransSplicing,-
7316-737.fastq,TRA2A:RPN1,chr7,23531789,-,chr3,128622409,-,Inf,0,1,TRUE,TRUE,TRUE,8ec4ef94-8f60-47a5-b6dd-f538f1fbae67,175,PotentialTransSplicing,-
7316-737.fastq,GNA12:RNPC3,chr7,2794928,-,chr1,103555034,+,Inf,0,1,FALSE,TRUE,TRUE,9727a7cb-5a61-4171-beef-95bbc5ce07b3,675,PotentialTransSplicing,-
7316-737.fastq,AC005154.6:EFHC2,chr7,30524312,-,chrX,44235447,-,Inf,0,1,FALSE,TRUE,TRUE,b576dda9-a526-4d65-9a6b-588381be03a1,257,PotentialTransSplicing,-
7316-737.fastq,PDE1C:TXNL4A,chr7,32051554,-,chr18,79977701,-,Inf,0,1,FALSE,TRUE,TRUE,b157a570-95cc-4465-9c64-26bed2bc1f9a,590,PotentialTransSplicing,-
7316-737.fastq,LINC00265:NRD1,chr7,39780624,+,chr1,51834170,-,Inf,0,1,FALSE,TRUE,TRUE,eba7a81e-f7d0-4bcf-b403-9aca2653432a,1312,PotentialTransSplicing,-
7316-737.fastq,URGCP:ARID2,chr7,43926132,-,chr12,45860801,+,Inf,0,1,FALSE,TRUE,TRUE,ea43a53f-9030-4907-83cc-503c3bc969e8,268,PotentialTransSplicing,-
7316-737.fastq,DBNL:CCNB1IP1,chr7,44044820,+,chr14,20313801,-,Inf,0,1,FALSE,TRUE,TRUE,ca85a012-4b69-4308-8bb2-49d53fef544a,141,PotentialTransSplicing,-
7316-737.fastq,CCM2:CDK5RAP2,chr7,45000363,+,chr9,120415159,-,Inf,0,1,FALSE,TRUE,TRUE,57fb6fe9-0cb5-4d71-9749-e74e71289aad,154,PotentialTransSplicing,-
7316-737.fastq,UBR5:IFNGR1,chr8,102412173,-,chr6,137207077,-,Inf,0,1,FALSE,TRUE,TRUE,bb22844c-4f46-45c1-a80e-d8dd4d039dcf,468,PotentialTransSplicing,-
7316-737.fastq,DERL1:MTA3,chr8,123030605,-,chr2,42659763,+,Inf,0,1,FALSE,TRUE,TRUE,fd8e6cf8-04a5-4fb9-973a-13977b19dd8f,346,PotentialTransSplicing,-
7316-737.fastq,PTK2:SSBP1,chr8,141001125,-,chr7,141750311,+,Inf,0,1,FALSE,TRUE,TRUE,ed6cb059-cbc5-45f1-8d37-e2701e4a003d,206,PotentialTransSplicing,-
7316-737.fastq,IKBKB:TMSB15B,chr8,42272205,+,chrX,103964506,+,Inf,0,1,TRUE,TRUE,TRUE,716873d2-932e-4d78-9b16-546f88283c6e,210,PotentialTransSplicing,-
7316-737.fastq,CSMD1:RPS2,chr8,4419953,-,chr16,1962270,-,Inf,0,1,TRUE,TRUE,TRUE,b7373474-ddb6-48b6-9aac-489a73efdfbf,922,PotentialTransSplicing,-
7316-737.fastq,TGS1:NEK1,chr8,55773719,+,chr4,169406747,-,Inf,0,1,FALSE,TRUE,TRUE,c62ccc51-608c-4dad-b3f3-b0c84fd38ca4,94,PotentialTransSplicing,-
7316-737.fastq,SDCBP:LRRC58,chr8,58580608,+,chr3,120335139,-,Inf,0,1,TRUE,TRUE,TRUE,2f45dee4-0e1c-43d0-8c71-bf6c2305cca6,772,PotentialTransSplicing,-
7316-737.fastq,ARFGEF1:IDE,chr8,67287955,-,chr10,92515042,-,Inf,0,1,TRUE,TRUE,TRUE,92779703-590d-4244-8557-3d6431fe60dc,795,PotentialTransSplicing,-
7316-737.fastq,RAD54B:EXOC2,chr8,94458268,-,chr6,499700,-,Inf,0,1,TRUE,TRUE,TRUE,3a9d4986-d0eb-47e3-ae96-777160a6ed98,292,PotentialTransSplicing,-
7316-737.fastq,INTS8:HEXB,chr8,94866191,+,chr5,74720428,+,Inf,0,1,FALSE,TRUE,TRUE,e54feb9b-fc81-4965-9d40-7da942ce98e8,789,PotentialTransSplicing,-
7316-737.fastq,PTDSS1:EXOC4,chr8,96309622,+,chr7,133937891,+,Inf,0,1,TRUE,TRUE,TRUE,75bf6f4e-cfc0-47d7-9048-373423bebecb,686,PotentialTransSplicing,-
7316-737.fastq,RABGAP1:ATP1B3,chr9,123076762,+,chr3,141925531,+,Inf,0,1,TRUE,TRUE,TRUE,01462d22-59b2-4794-b351-eb79ff712dca,2558,PotentialTransSplicing,-
7316-737.fastq,PPP6C:DIMT1,chr9,125171085,-,chr5,62389052,-,Inf,0,1,FALSE,TRUE,TRUE,a6762317-5288-48c2-9f32-a4d0e7cb27c4,222,PotentialTransSplicing,-
7316-737.fastq,FNBP1:RAB6A,chr9,129957360,-,chr11,73679720,-,Inf,0,1,TRUE,TRUE,TRUE,cc30bf1a-0353-4b41-8a76-b93e5d79a095,694,PotentialTransSplicing,-
7316-737.fastq,CACNA1B:RP11-20I23.1,chr9,138013235,+,chr16,2519218,+,Inf,0,1,TRUE,TRUE,TRUE,a739508a-adb9-4c90-a649-33593b1f5b97,327,PotentialTransSplicing,-
7316-737.fastq,RFX3:BCAR1,chr9,3525747,-,chr16,75235986,-,Inf,0,1,FALSE,TRUE,TRUE,33f144ba-db56-4a21-bcc3-38ecf1ce4716,238,PotentialTransSplicing,-
7316-737.fastq,RECK:GNAO1,chr9,36060155,+,chr16,56336731,+,Inf,0,1,FALSE,TRUE,TRUE,5239fb49-cb1a-4279-9116-011831c090d6,346,PotentialTransSplicing,-
7316-737.fastq,RNF38:STK17A,chr9,36424613,-,chr7,43595901,+,Inf,0,1,FALSE,TRUE,TRUE,b835e0c8-c1b1-4586-a7a6-74ada0230603,414,PotentialTransSplicing,-
7316-737.fastq,ZBTB5:TARBP1,chr9,37465215,-,chr1,234406099,-,Inf,0,1,FALSE,TRUE,TRUE,1f8ee0fa-43bf-4a83-877c-be34eb4bdfac,216,PotentialTransSplicing,-
7316-737.fastq,SECISBP2:GRIA2,chr9,89319797,+,chr4,157363435,+,Inf,0,1,FALSE,TRUE,TRUE,5dbe947e-57fe-4f78-b46b-507105a19cdf,235,PotentialTransSplicing,-
7316-737.fastq,IPPK:NUP85,chr9,92642752,-,chr17,75235578,+,Inf,0,1,FALSE,TRUE,TRUE,7eb76335-f994-40da-873c-fd8f7701751c,649,PotentialTransSplicing,-
7316-737.fastq,PNMA6A:ZGPAT,chrX,153072606,+,chr20,63733219,+,Inf,0,1,FALSE,TRUE,TRUE,369e5ead-ef00-407f-b1b3-41f483e2350e,140,PotentialTransSplicing,-
7316-737.fastq,ZNF275:ATP5B,chrX,153336710,+,chr12,56642831,-,Inf,0,1,FALSE,TRUE,TRUE,9f9855b5-5030-4d7e-9a15-c43ddb23f567,199,PotentialTransSplicing,-
7316-737.fastq,DHRSX:CD99,chrX,2500311,-,chrY,2726260,+,Inf,0,1,TRUE,TRUE,TRUE,97a92c1a-592f-42cf-9438-01093f90d89c,373,PotentialTransSplicing,-
7316-737.fastq,ZNF81:CAAP1,chrX,47846321,+,chr9,26887513,-,Inf,0,1,TRUE,TRUE,TRUE,ffba06e7-7e4f-4617-8551-c20fa8399f93,413,PotentialTransSplicing,-
7316-737.fastq,CCDC120:SMARCB1,chrX,49053877,+,chr22,23803295,+,Inf,0,1,FALSE,TRUE,TRUE,1821782e-9611-4083-868b-45cf25f1e5c4,285,PotentialTransSplicing,-
7316-737.fastq,OGT:TEX264,chrX,71538072,+,chr3,51684413,+,Inf,0,1,TRUE,TRUE,TRUE,47968030-ab0c-4c5e-96e1-db6c1f872987,544,PotentialTransSplicing,-
7316-737.fastq,HDAC8:TOP2B,chrX,72572651,-,chr3,25599529,-,Inf,0,1,FALSE,TRUE,TRUE,3148df11-c0b5-4344-826e-7e8c569bfc81,202,PotentialTransSplicing,-
7316-737.fastq,ATRX:PSPC1,chrX,77717131,-,chr13,19677823,-,Inf,0,1,FALSE,TRUE,TRUE,95768795-b25a-48a8-b33d-9cbaed803718,340,PotentialTransSplicing,-
7316-737.fastq,TBL1X:BCAS3,chrX,9463462,+,chr17,61353588,+,Inf,0,1,FALSE,TRUE,TRUE,8af1e76a-353a-4d69-b0f6-592d87457f56,138,PotentialTransSplicing,-
7316-737.fastq,UTY:HNRNPD,chrY,13360430,-,chr4,82354154,-,Inf,0,1,FALSE,TRUE,TRUE,1ee82895-dcad-409a-99ec-00f0ca760ec6,1272,PotentialTransSplicing,-
7316-737.fastq,TTTY14:CH507-254M2.1,chrY,19068724,-,chr21,7081049,+,Inf,0,1,FALSE,TRUE,TRUE,1730c1bb-7d34-416a-9c5b-d084fbe37d08,125,PotentialTransSplicing,-
